created_at,text,author_id,username
2022-12-14 03:03:45,年末、いきなりゲストが来る時があるけどあと放送が2回しかないなら来なそうよね。 #bakusho,2235617196,tarako_ja_nai
2022-12-14 03:03:37,年の瀬を感じるお知らせが沢山! 来年のイベントも楽しみ! 頑張れ、ウエストランド＆キュウ!! お疲れ様でした😊 #bakusho,101186658,hige_gun
2022-12-14 03:02:31,誰に投票すりゃいいんだYO！！！ こうなったら自分にか？けど私より面白いメールを書く人はごまんといるし…あ〜〜〜！！困った！！困ってるうちに🇦🇷🇭🇷がはじまっちまう！抜け連のみなさんおやすみなさい！ #bakusho,2235617196,tarako_ja_nai
2022-12-14 03:01:58,JUNK 爆笑問題カーボーイ │ TBSラジオ 今週も２人のトークでほっとする時間が過ごせた😄 太田さんのメール読みはやっぱり天下一品👏  https://t.co/V5wPBF8nyZ #radiko #爆笑問題 #bakusho,1545340535753154561,4oV1YpDOSrJWFBA
2022-12-14 03:01:55,田中さん、太田さん、お疲れ樣でした。日時式場  #bakusho,14360739,kazura
2022-12-14 03:01:46,今夜も楽しくて早すぎだったよ〜！！ 来週からのメール1🏆も楽しみっ♪♪ 皆さまお疲れさまでした🤗 よい夢を☆彡.。 #bakusho,1283206838884855808,Anemoneiuy
2022-12-14 03:01:35,本家もこっちのM1楽しみです！ 楽しい時間をありがとうございました～ ちんこすこう～ #bakusho,1431336997,Niagirl_45
2022-12-14 03:01:12,おつかれさまでした！ また来週！ #bakusho,110053803,tomomigaoka1117
2022-12-14 03:01:09,太田さん今後はしずちゃんの結婚生活もイジるのかなw おつかれさまでした #bakusho,2653087250,zeronin_IWAYAf
2022-12-14 03:01:01,しずちゃんの、結婚式に行く気満々の太田さん！抜け連達も、お供しますゼー(何故）お疲れ様でしたー！  #bakusho,541597640,S8119
2022-12-14 03:00:53,お疲れ様でした！メールNo.1グランプリに向けて、来週も楽しみです！！ #bakusho #爆笑問題カーボーイ #太田光 #田中裕二,2504664018,ken05131227
2022-12-14 03:00:24,今週も楽しかった♪ お疲れ様でした〜！  #bakusho,1225681337815683072,rentanokami
2022-12-14 02:59:58,今週も面白かった メール１グランプリ楽しみ　 おつかれさまでした　 #bakusho,3699007158,7yellowgreen1
2022-12-14 02:59:52,お疲れ様でした  #bakusho,2950962036,sakuranogi_m
2022-12-14 02:59:49,お疲れ様でしたー！！ また来週ーーー！ #bakusho,2502874238,amatubuman
2022-12-14 02:59:44,お疲れ様でした。 #bakusho,294592125,sonokawa28
2022-12-14 02:59:41,お疲れ様でした〜  #bakusho,901338862609289216,Phimosis44
2022-12-14 02:59:39,今週もお疲れさまでしたー！ いよいよM-1グランプリの投票始まる！！聴いてるだけのリスナーも謎の緊張感あるんだよね。 ってかカーボーイ年内はあと２回しかねえ！楽しむしかない！ おやすみなさい！ #bakusho,929757464857255936,dastinJT
2022-12-14 02:59:39,面白かった～！！ぱんちゃん光さんとUpon Youで笑っちゃうウーチャカのカーボーイは今週も最高に楽しい2時間。ネーミング大賞のちんこすこうをめぐる議論の話がおかしくてお気に入り。そしていよいよメールNo.1グランプリの開催も発表。今年はどんな熱戦が繰り広げられるのか、今から楽しみ！#bakusho,2656897453,ENEXP_ht1211
2022-12-14 02:59:27,#bakusho 犬の鳴き真似恐ろしくうまい,90375904,UzuJisho
2022-12-14 02:59:24,#bakusho 終わったまた来週～お疲れ様でした。,2360455976,Kimono_House
2022-12-14 02:59:20,みなさんありがとうございました〜👋 #bakusho,965974369343164421,moushachou
2022-12-14 02:59:17,お疲れ様でした #bakusho,1269972559610568704,kt_bakelite
2022-12-14 02:59:16,山ちゃんお子さんからしずちゃんへw #bakusho,1431336997,Niagirl_45
2022-12-14 02:59:15,おつかれさまでした！ #bakusho,1251867662474334208,vbs_babycar
2022-12-14 02:59:14,お疲れ様でしたー #bakusho,1378505757709115395,tekito_2107
2022-12-14 02:59:12,辞退メールも来週が締切なのね #bakusho,2235617196,tarako_ja_nai
2022-12-14 02:59:02,お疲れ様でした〜！明日は水曜ヤングジャンク！山里。 #bakusho,758960717298925568,Team_atozumo
2022-12-14 02:59:01,お疲れ様でした また来週〜  #bakusho,1161766749408124928,deadpoor6
2022-12-14 02:59:00,今夜もおもろかった♪ みなさんお疲れさまでした♪ #bakusho,434233977,yusu_519
2022-12-14 02:58:49,お疲れ様でした。#bakusho,1477524595502886912,gorigaoooh
2022-12-14 02:58:45,おつかれさまでしたっ #bakusho,1501294199357935619,torochi_hima
2022-12-14 02:58:43,#bakusho　しずちゃんおめでう！お疲れ様でした！,571097018,hee_8
2022-12-14 02:58:40,ちんこすこうエピソード、コントにしたらコンテストで優勝するんじゃないかってくらい面白いww  #bakusho TF,1433327139470733316,cooccooc99
2022-12-14 02:58:35,棄権募集w  #bakusho,1161766749408124928,deadpoor6
2022-12-14 02:58:32,おつかれさまでしたー！ ギターの音は結局何だったんだろう🤔🤔🤔 #bakusho,1969337972,saha_radi0
2022-12-14 02:58:26,お疲れ様でした！  #bakusho,291140449,akiezwebne
2022-12-14 02:58:26,『今日のカーボーイのCD田中は、水木一郎アニキの曲を「不謹慎だ」という理由で一切採用しない。』  不採用でした   #bakusho,564537803,peryyamada2
2022-12-14 02:58:26,お疲れ様でした！！　#bakusho,114945304,spz48
2022-12-14 02:58:24,またね👋 #bakusho,1153051671959703552,f7ycAyNuql1av7r
2022-12-14 02:58:22,お疲れ様でした〜 #bakusho,1501234810437525512,hikineetboy
2022-12-14 02:58:22,再来週はメールNo.1グランプリ。今年はどうなるんだろう、エビデンスほしいです　#bakusho,139108218,delusiondice
2022-12-14 02:58:21,しずちゃんの結婚式に行く気満々の太田さん☺️ #bakusho,1283206838884855808,Anemoneiuy
2022-12-14 02:58:20,再来週が、今年最後なんだー寂しい。 #bakusho,541597640,S8119
2022-12-14 02:58:13,メール1楽しみだなぁ！ お疲れさまでした！ #bakusho,140052496,STARBUCKSKO
2022-12-14 02:58:02,辞退メール考えないと……！ よーし！  今年の優勝は誰だー??  #bakusho,2502874238,amatubuman
2022-12-14 02:57:47,このあとすぐ投票します私  #bakusho,727870597682712576,onkoh_ando
2022-12-14 02:57:34,メガネの破壊ww #bakusho,1378505757709115395,tekito_2107
2022-12-14 02:57:18,メール1 楽しみ #bakusho,1153051671959703552,f7ycAyNuql1av7r
2022-12-14 02:57:17,怒って泣きボクロを引きちぎりトイレに流すw😂😂  #bakusho,1283206838884855808,Anemoneiuy
2022-12-14 02:56:59,そうだ明日のラヴィットにキュウ出るんだ #bakusho,3699007158,7yellowgreen1
2022-12-14 02:56:49,タイタン芸人まだM-1制したことないんだよな  #bakusho,727870597682712576,onkoh_ando
2022-12-14 02:56:40,たけしさんの面影久しぶりだなww #bakusho,1378505757709115395,tekito_2107
2022-12-14 02:56:37,#bakusho milet本人の前でたけしバージョン歌ってた,90375904,UzuJisho
2022-12-14 02:56:25,#bakusho 終盤に太田さんのたけしモノマネ聴けて満足 ビートたけしのおもかげ！,2360455976,Kimono_House
2022-12-14 02:56:01,久々のたけしさんのおもかげ #bakusho,1051750981266890752,Peugeot406_
2022-12-14 02:55:35,#bakusho バンクシーの原点は中根ちゃんだったのか,90375904,UzuJisho
2022-12-14 02:55:27,milet幾多りらAimer withビートたけしのおもかげだ #bakusho,1213162583613562880,6041__
2022-12-14 02:55:21,バンクシーの風船と少女、 中根ちゃんの幼少期の写真だった!w #ごぜん様さま #bakusho,101186658,hige_gun
2022-12-14 02:55:10,答案用紙で止血wwwwww #bakusho,758960717298925568,Team_atozumo
2022-12-14 02:54:52,答案用紙が血だらけwwwwww #bakusho,758960717298925568,Team_atozumo
2022-12-14 02:54:51,紅白のおもかげにビートたけしサプライズ出演ｗ #bakusho,2656897453,ENEXP_ht1211
2022-12-14 02:54:51,河村ちゃんの答案用紙が血だらけw #bakusho,95278262,tripper0610
2022-12-14 02:54:47,おもかげ久しぶりw #bakusho,1153051671959703552,f7ycAyNuql1av7r
2022-12-14 02:54:17,HTVにHOMEにTSS？ 何それおいしいの？ RCCごぜん様さま情報  #bakusho #河村ちゃんと中根ちゃん,727870597682712576,onkoh_ando
2022-12-14 02:54:07,#bakusho 血まみれ！,90375904,UzuJisho
2022-12-14 02:53:19,前から思ったけど、怒りんぼって、MVP率高いよね。 #bakusho,1378505757709115395,tekito_2107
2022-12-14 02:52:46,オカメインコさんのおこりんぼも面白かったし、じゆつばさんの海援隊の哲学的ィ〜！も面白かった。 #bakusho,2235617196,tarako_ja_nai
2022-12-14 02:52:34,河村ちゃんクイズ! #ごぜん様さま #bakusho,101186658,hige_gun
2022-12-14 02:52:32,最近高橋さんの講評聞くの好きです #bakusho,3699007158,7yellowgreen1
2022-12-14 02:52:25,#bakusho 溺れたエビにバスビーーーーーーーンって曲作ってもらうと良いかも,90375904,UzuJisho
2022-12-14 02:51:56,高橋評ww  #bakusho,727870597682712576,onkoh_ando
2022-12-14 02:51:48,#bakusho いいお話,90375904,UzuJisho
2022-12-14 02:51:19,大穴予想 #bakusho,1153051671959703552,f7ycAyNuql1av7r
2022-12-14 02:51:15,#bakusho だぁあああああぶるぱちんこ！がないとラフターナイトのCM物足りない,90375904,UzuJisho
2022-12-14 02:51:10,不器用な愛ｗ #bakusho,56560900,mochidorobow
2022-12-14 02:51:02,賞の発表 #bakusho,1153051671959703552,f7ycAyNuql1av7r
2022-12-14 02:50:03,赤帽さんって久し振りに聞いたなぁ #bakusho,1522276001266368520,rai_si_n
2022-12-14 02:49:39,何だこの歌ｗ　#bakusho,209634858,rest_r2
2022-12-14 02:48:51,2000年前後っぽい曲やな #bakusho,1501294199357935619,torochi_hima
2022-12-14 02:48:30,この曲めっちゃ良いな #bakusho,1969337972,saha_radi0
2022-12-14 02:48:04,赤鼻さんめっちゃええやん #bakusho,1431336997,Niagirl_45
2022-12-14 02:47:58,『S･O･S』と、12月6日 1時27分頃の“太田”   ♪羊の顔していても　心の中は 狼が牙をむく　そういうものよ この人だけは　大丈夫だなんて　うっかり信じたら ダメダメ　ダメ　ダメ　Ah ダメダメよ♪ 太田「大丈夫。今日友引だから。」  やっぱり、太田のセリフじゃ不採用でした   #bakusho,564537803,peryyamada2
2022-12-14 02:47:48,オノマトペルは笑わないウーチャカ #bakusho,1553781551732707328,ponzu_zamurai
2022-12-14 02:47:45,#bakusho 悪口じゃないけど真部侑一リスペクトっぽい,90375904,UzuJisho
2022-12-14 02:47:41,オノマトペルって名前もイップス起きそうなのに  #bakusho,110053803,tomomigaoka1117
2022-12-14 02:47:18,PPAPちゃんと聴くの久しぶりだったから曲の時点で笑っちゃったし、何よりもUpon Youと絡ませる発想が素晴らしくて本当脱帽しちゃう。#bakusho,2656897453,ENEXP_ht1211
2022-12-14 02:46:58,今日のCD田中もレベル高かった。 #bakusho,294592125,sonokawa28
2022-12-14 02:46:51,PPAPと『あぽんゆー』の繋ぎ方がテンポ崩すギリギリで良い　 #bakusho,3699007158,7yellowgreen1
2022-12-14 02:46:50,#bakusho オノマトペルは素直に言えるんか,90375904,UzuJisho
2022-12-14 02:46:36,あぽんゆーw #bakusho,148358395,chihirokkun
2022-12-14 02:46:34,出たアポンユーwwww  #bakusho,110053803,tomomigaoka1117
2022-12-14 02:45:59,あぽんゆ～www #bakusho,2653087250,zeronin_IWAYAf
2022-12-14 02:45:55,PPAP #bakusho,110053803,tomomigaoka1117
2022-12-14 02:45:52,Upon you でニヤニヤw #bakusho,1153051671959703552,f7ycAyNuql1av7r
2022-12-14 02:45:45,あぽんゆ〜（馬鹿にしてるVer.） #bakusho,1553781551732707328,ponzu_zamurai
2022-12-14 02:45:42,#bakusho ペン　アップル　アポンユー,90375904,UzuJisho
2022-12-14 02:45:36,殿堂入りキタ———(ﾟ∀ﾟ)———！！！  #bakusho,434233977,yusu_519
2022-12-14 02:45:35,ずうとるび殿堂入り！ #bakusho,110053803,tomomigaoka1117
2022-12-14 02:45:25,PPAPと「Upon You」のマッシュアップｗ #bakusho,2656897453,ENEXP_ht1211
2022-12-14 02:45:25,殿堂入りー！！ #bakusho,1378505757709115395,tekito_2107
2022-12-14 02:45:21,なんだこれwお手紙下さい #bakusho,2653087250,zeronin_IWAYAf
2022-12-14 02:45:15,歴代の殿堂入りはどうなったの #bakusho,1161766749408124928,deadpoor6
2022-12-14 02:45:05,お手紙ください #bakusho,110053803,tomomigaoka1117
2022-12-14 02:44:56,ちょっと違うｗ #bakusho,56560900,mochidorobow
2022-12-14 02:44:55,邪魔してるｗｗｗ　うるさいｗｗｗ　#bakusho,209634858,rest_r2
2022-12-14 02:44:53,アポンユーｗｗｗｗｗｗ #bakusho,1969337972,saha_radi0
2022-12-14 02:44:52,お手紙ください～  うるさいw #bakusho,1431336997,Niagirl_45
2022-12-14 02:44:43,#bakusho　殿堂入りおめ,2360455976,Kimono_House
2022-12-14 02:44:43,宛先言わせて貰えない😂😂😂😂😂😂😂😂😂 #bakusho,374113629,cskytst_yuzu777
2022-12-14 02:44:41,#bakusho 今村うるさい！！！,90375904,UzuJisho
2022-12-14 02:44:04,ずうとるびで殿堂入りー!🥳 #bakusho,101186658,hige_gun
2022-12-14 02:43:57,久々の殿堂入り👏👏👏 #bakusho,1213162583613562880,6041__
2022-12-14 02:43:56,エビデンスw #bakusho,294592125,sonokawa28
2022-12-14 02:43:55,うるさいｗ #bakusho,56560900,mochidorobow
2022-12-14 02:43:51,あ　今までと違うバージョンの『嘘』  #bakusho,727870597682712576,onkoh_ando
2022-12-14 02:43:46,CD田中！やっぱ、水木兄貴の事、云うよね・・・😢 #bakusho,541597640,S8119
2022-12-14 02:43:44,殿堂入り～！#bakusho,2656897453,ENEXP_ht1211
2022-12-14 02:43:17,熊木丑五郎さんの歌詞検索能力が気になる #bakusho,3699007158,7yellowgreen1
2022-12-14 02:42:47,#bakusho ウーチャカ真珠だったのか,90375904,UzuJisho
2022-12-14 02:42:37,その昔、海の真珠だったウーチャカ😂 #bakusho,1283206838884855808,Anemoneiuy
2022-12-14 02:42:04,怒りんぼ一瞬だった #bakusho,237767972,_k_s_m_n_
2022-12-14 02:42:03,そうだったのｗ #bakusho,56560900,mochidorobow
2022-12-14 02:41:45,魔神がーZ  #bakusho,1161766749408124928,deadpoor6
2022-12-14 02:41:40,CD田中！ #bakusho,3699007158,7yellowgreen1
2022-12-14 02:41:11,怒りんぼ田中裕二、短い気が・・・🤔 #bakusho,541597640,S8119
2022-12-14 02:41:03,しかしデリカシーないな  #bakusho,1161766749408124928,deadpoor6
2022-12-14 02:41:00,デリカシーゼロ男嫌いやわー #bakusho,1522276001266368520,rai_si_n
2022-12-14 02:40:56,CD田中とは切っても切れない水木一郎アニキ… #bakusho,101186658,hige_gun
2022-12-14 02:40:55,う～ん屁をし合えるパートナーシップ好きだけどなぁw #bakusho,2653087250,zeronin_IWAYAf
2022-12-14 02:40:46,水木一郎アニキ.. #bakusho,1153051671959703552,f7ycAyNuql1av7r
2022-12-14 02:40:40,アンタが選んだ選択  #bakusho,1161766749408124928,deadpoor6
2022-12-14 02:40:39,というか、旦那さん面倒くさいなww #bakusho,1378505757709115395,tekito_2107
2022-12-14 02:40:24,旦那ww #bakusho,95278262,tripper0610
2022-12-14 02:40:15,CD田中～🎵 #bakusho,1153051671959703552,f7ycAyNuql1av7r
2022-12-14 02:40:15,どんだけ聴覚良いんだよw #bakusho,1378505757709115395,tekito_2107
2022-12-14 02:40:12,もう開き直る方が楽では #bakusho,56560900,mochidorobow
2022-12-14 02:40:08,長年連れ添っているとは言え、デリカシーの無い旦那だな！ #bakusho,1225681337815683072,rentanokami
2022-12-14 02:40:05,屁ひり女房ってあったな。。 #bakusho,1120992203088654341,weepjp
2022-12-14 02:39:59,デリカシーない旦那だなぁ #bakusho,2235617196,tarako_ja_nai
2022-12-14 02:39:53,へぇこいたで盛り上がるんかあw #bakusho,1153051671959703552,f7ycAyNuql1av7r
2022-12-14 02:39:47,なんだこの夫婦w #bakusho,294592125,sonokawa28
2022-12-14 02:38:53,#bakusho アイドルみたいな言い訳,90375904,UzuJisho
2022-12-14 02:38:42,旦那さんwww #bakusho,101186658,hige_gun
2022-12-14 02:38:11,おこりんぼ田中裕二 #bakusho,3699007158,7yellowgreen1
2022-12-14 02:38:11,一度もしたこと無いｗ #bakusho,56560900,mochidorobow
2022-12-14 02:37:55,関西弁なのがちょっと腹立つな笑 #bakusho,1501234810437525512,hikineetboy
2022-12-14 02:36:43,怒りんぼ！ #bakusho,1501234810437525512,hikineetboy
2022-12-14 02:36:32,風男塾大好きなヘビーリスナーさんがいる番組で風男塾の曲が流れてる。#bakusho,2656897453,ENEXP_ht1211
2022-12-14 02:34:29,怒りんぼ田中じゃねーかw   #bakusho,564537803,peryyamada2
2022-12-14 02:34:28,#bakusho 誰かドア叩いた？,90375904,UzuJisho
2022-12-14 02:34:22,絵本というより小咄っぽい #bakusho,3699007158,7yellowgreen1
2022-12-14 02:34:18,急におこりんぼになったww #bakusho,1378505757709115395,tekito_2107
2022-12-14 02:33:26,#bakusho お婆ちゃんネタ切れ,90375904,UzuJisho
2022-12-14 02:33:19,歯の話といえば金曜ジャンク #bakusho,1153051671959703552,f7ycAyNuql1av7r
2022-12-14 02:32:51,グルーチョさん連投成功  #bakusho,727870597682712576,onkoh_ando
2022-12-14 02:32:44,お婆ちゃん発狂ｗ #bakusho,56560900,mochidorobow
2022-12-14 02:32:17,メールNo1グランプリの話を聴くと 年が押し迫ってきたなあという感じになる  #bakusho,727870597682712576,onkoh_ando
2022-12-14 02:31:59,地元の歯医者で、手に負えず大学病院 ２か所行ったのは地獄だったゼ・・・😭😱 #bakusho,541597640,S8119
2022-12-14 02:31:22,ウーチャカの歯、血が出て大騒ぎした時あったねw #bakusho,101186658,hige_gun
2022-12-14 02:31:19,#bakusho 連作ものの絵本,90375904,UzuJisho
2022-12-14 02:30:54,遅れてOP聴いたよ。 ピョン吉のTシャツの件とネーミング大賞だけでも面白すぎたよぉぉ。 太田さんは何も悪くないのに結局社長に怒られるし🤣 「助けてくれ～」は毎回待ってる自分がいるので、辞めないで欲しいw  続きは明日聴きます🌜️ #bakusho,1279393216781901824,tom_neko_nyan
2022-12-14 02:30:38,絵本に収まらないｗ #bakusho,56560900,mochidorobow
2022-12-14 02:30:35,グルーチョさんkrkr  #bakusho,727870597682712576,onkoh_ando
2022-12-14 02:30:20,#bakusho リスがカバの歯抜くの大変そう,90375904,UzuJisho
2022-12-14 02:28:28,葉の痛いカバ   #bakusho,564537803,peryyamada2
2022-12-14 02:28:24,ただ疑問に思って終わりｗ #bakusho,56560900,mochidorobow
2022-12-14 02:28:00,なんだよこれ！？   #bakusho,564537803,peryyamada2
2022-12-14 02:27:53,#bakusho ミカタジャー,90375904,UzuJisho
2022-12-14 02:27:48,下に降ろして着地するときに逆さまになったらヘルメットの効果が期待できる　 #bakusho,3699007158,7yellowgreen1
2022-12-14 02:27:24,mail-1 GP、 再来週放送でもう今年も終わりか。 早いなー #爆笑問題カーボーイ #baKusHo #TBSRadIo,390474070,HedRovBiTch
2022-12-14 02:26:53,まあロープが頭に当たることもあるかもしれないしw #bakusho,294592125,sonokawa28
2022-12-14 02:26:40,知らんのかいww #bakusho,1378505757709115395,tekito_2107
2022-12-14 02:26:36,跳ね返ったときに橋に頭が当たった ときのため？   #bakusho,564537803,peryyamada2
2022-12-14 02:26:28,太郎くんの声がなんとなくえなりっぽい #bakusho,2235617196,tarako_ja_nai
2022-12-14 02:25:54,#bakusho 係員こわああい,90375904,UzuJisho
2022-12-14 02:25:43,バンジージャンプとかペラいちって単語が出てくる絵本 #bakusho,3699007158,7yellowgreen1
2022-12-14 02:25:28,なんだよｗ #bakusho,56560900,mochidorobow
2022-12-14 02:25:27,中途半端にロープが緩んだ時に微妙に効果あるんじゃ？   #bakusho,564537803,peryyamada2
2022-12-14 02:25:25,絵本のトーンでドカベン読んでほしいな  #bakusho,1161766749408124928,deadpoor6
2022-12-14 02:25:20,えほんのコーナー😊🐻 #bakusho,2235617196,tarako_ja_nai
2022-12-14 02:25:18,#bakusho  メールナンバーワングランプリ・・・  とりあえず採用歴がないのに辞退メール送るのは無しにしておきましょね(- -；),102335714,AyakaShinjoh083
2022-12-14 02:25:00,絵本のコーナー #bakusho,110053803,tomomigaoka1117
2022-12-14 02:24:31,配信ラジオしてチャンピオンリング資金作ろう  #bakusho,1161766749408124928,deadpoor6
2022-12-14 02:24:23,ペライチのよく分からない誓約書w #bakusho,101186658,hige_gun
2022-12-14 02:23:36,NFL倶楽部ピエロ回マジないなw  #bakusho,1161766749408124928,deadpoor6
2022-12-14 02:23:35,#bakusho 山田邦子の後にオオタスセリの名前を出す太田さん意地悪,90375904,UzuJisho
2022-12-14 02:23:31,#bakusho M－1の歴代キングを聞くと年末感が凄い,858651918326841346,suguretabaka007
2022-12-14 02:23:09,ウーチャカ自腹でティファニー💍！！ #bakusho,1283206838884855808,Anemoneiuy
2022-12-14 02:22:58,辞退する人の訳分からん辞退理由楽しみだな〜。今年は何人いるんだろう #bakusho,758960717298925568,Team_atozumo
2022-12-14 02:22:55,ぺこちゃんww 松村邦洋さんの天敵よね。 #bakusho,1431336997,Niagirl_45
2022-12-14 02:22:54,1人しか選べないからつらいのよ！！ あの人とあの人とあの人とあの人とあの人に投票したいじゃん！ #bakusho,2235617196,tarako_ja_nai
2022-12-14 02:22:44,「田中が払う」　#bakusho,139108218,delusiondice
2022-12-14 02:22:41,リング復活したのか! そうなると1個しかないオーナメントの価値も上がるな  #bakusho,901338862609289216,Phimosis44
2022-12-14 02:22:36,辞退ラジオネーム考えねば！w  ただ、辞退ラジオネームで採用歴1回だけあるけど、普段のラジオネームじゃないから喜びきれないというw #bakusho,839409662285918208,mac_raw_cross_k
2022-12-14 02:22:28,ウーチャカのポケットマネーでチャンピオンリング復活！#bakusho,2656897453,ENEXP_ht1211
2022-12-14 02:22:25,やっぱりチャンピオンリングだよなあ～ #bakusho,929757464857255936,dastinJT
2022-12-14 02:22:07,もうメール1の時期 #bakusho,110053803,tomomigaoka1117
2022-12-14 02:22:00,そんな年じゃなくて時期だ…！ #bakusho,2502874238,amatubuman
2022-12-14 02:21:46,れなち、アサウラ先生から辞退メールくるかな？ #bakusho,2235617196,tarako_ja_nai
2022-12-14 02:21:35,ついに来たか！爆笑問題カーボーイメールNo.1グランプリ（元祖M-1グランプリ）  #爆笑問題カーボーイ #bakusho,135194443,higashi1048
2022-12-14 02:21:32,太田「冷めんなーってときあんじゃん」ｗ #bakusho,2656897453,ENEXP_ht1211
2022-12-14 02:21:25,頂いた素材でお馴染みの方々だな改めて 毎年思うけど  #bakusho,1161766749408124928,deadpoor6
2022-12-14 02:21:24,錚々たるメンバー #bakusho,110053803,tomomigaoka1117
2022-12-14 02:21:24,もうそんな年か… #bakusho,2502874238,amatubuman
2022-12-14 02:21:24,今年もM1グランプリ！ 原田さんや山崎さん、夕方カレーの藤田さん、みんなプロになってる。  #bakusho,248984326,geh00263
2022-12-14 02:21:24,もう16年前かぁ #bakusho,99142132,staygoldsanku
2022-12-14 02:21:19,出場辞退大喜利も楽しみw #bakusho,294592125,sonokawa28
2022-12-14 02:21:12,今年も辞退やな！ #bakusho,2393775752,CmpunkHrk
2022-12-14 02:21:10,今年もメールNo.1グランプリ楽しみ過ぎる✨ #bakusho,1405008113934077955,XLjoWY7SVdfJqYZ
2022-12-14 02:21:05,毎年3回獲ってる原田さん凄えってなる  #bakusho,901338862609289216,Phimosis44
2022-12-14 02:20:37,さて、辞退メールを考えるとするか #bakusho,929757464857255936,dastinJT
2022-12-14 02:20:36,この並び聞いてるだけでワクワクすっど！ #bakusho,1553781551732707328,ponzu_zamurai
2022-12-14 02:20:35,もうメールワンか〜♪ #bakusho,1077193939621273601,nuketa_tamashii
2022-12-14 02:20:26,アサウラ先生がリザーバーになった去年のM1からもう1年経ったのか…。 #bakusho,294592125,sonokawa28
2022-12-14 02:20:20,メール-1グランプリ！ もうそんな季節がやって来たか！  #bakusho,1225681337815683072,rentanokami
2022-12-14 02:20:20,メール1グランプリ！ #bakusho,1378505757709115395,tekito_2107
2022-12-14 02:20:18,キター！メールナンバーワングランプリの告知っっっっっ！！！ #bakusho,2235617196,tarako_ja_nai
2022-12-14 02:20:13,#bakusho 今年こそ4年ぶりに出場辞退メール読まれるように頑張る,90375904,UzuJisho
2022-12-14 02:20:12,今年も恒例ですね #bakusho,1501234810437525512,hikineetboy
2022-12-14 02:20:09,通称辞退大会  #bakusho,1161766749408124928,deadpoor6
2022-12-14 02:20:04,来たー！メール1グランプリ！ 辞退メール送らなきゃw #bakusho,1431336997,Niagirl_45
2022-12-14 02:20:03,#bakusho　メールNo.1グランプリって聴くと師走だなぁってなる,2360455976,Kimono_House
2022-12-14 02:19:53,M(メール)-1 グランプリ楽しみ。 #bakusho,6238212,ikumi
2022-12-14 02:19:44,レジェンド職人たち #bakusho,1153051671959703552,f7ycAyNuql1av7r
2022-12-14 02:19:44,今年もM-1ある #bakusho,1251867662474334208,vbs_babycar
2022-12-14 02:19:23,メール1今年は誰に投票しようか  #bakusho,901338862609289216,Phimosis44
2022-12-14 02:19:09,毎年恒例M1で、ございます！ #bakusho,541597640,S8119
2022-12-14 02:19:04,メールワンが来ると年末だなあって思う #bakusho,929757464857255936,dastinJT
2022-12-14 02:19:02,Mail-1だー！ #bakusho,839409662285918208,mac_raw_cross_k
2022-12-14 02:18:54,M(ail)-1グランプリ2022開催！　#bakusho,1213162583613562880,6041__
2022-12-14 02:18:44,メールNo.1グランプリ2022! #bakusho,101186658,hige_gun
2022-12-14 02:18:34,爆笑問題カーボーイ メールナンバーワングランプリ2022！！！！！！！！！ #bakusho,929757464857255936,dastinJT
2022-12-14 02:18:33,再来週12月27日は「メールNo.1グランプリ2022」！本家M-1！#bakusho,2656897453,ENEXP_ht1211
2022-12-14 02:17:36,曲が売れてるからあえてぶつかる必要もないのかと #bakusho,1036627742,zeroset999
2022-12-14 02:15:22,まずあれが3人っていうのすら存じ上げなかった #bakusho,965974369343164421,moushachou
2022-12-14 02:15:21,てか海援隊に武田鉄矢以外2人いるの初めて知った #bakusho,2235617196,tarako_ja_nai
2022-12-14 02:15:02,海援隊ネタ今日一番ヒットだなw  #bakusho,498847626,yuu7suke
2022-12-14 02:14:48,たしかに武田鉄矢以外わかんないよね #bakusho,110053803,tomomigaoka1117
2022-12-14 02:14:40,寝ます。 #bakusho,1521550676022546434,mandarin_tsuki
2022-12-14 02:14:38,#bakusho 太田さんとメル友ってだけで桑田さんは大人しくはないって分かる,90375904,UzuJisho
2022-12-14 02:14:35,海援隊のメンバー、武田鉄矢さん以外名前知らない…哲学的ぃー！！ #bakusho,1407197335,sh_gaki
2022-12-14 02:14:29,きっと忍耐強い方なんだろうな  #bakusho,1161766749408124928,deadpoor6
2022-12-14 02:14:09,#bakusho 世代じゃないからわからないよ＜海援隊,2360455976,Kimono_House
2022-12-14 02:13:57,確かにー  #bakusho,1161766749408124928,deadpoor6
2022-12-14 02:13:50,たった3人でもw  #bakusho,1161766749408124928,deadpoor6
2022-12-14 02:13:45,関口さん地元つながりでちょっと関わりあったけどほんといい人 #bakusho,1969337972,saha_radi0
2022-12-14 02:13:36,ジャンバラヤと言う単語を知ったのはウッチャンナンチャンのコント #bakusho,3699007158,7yellowgreen1
2022-12-14 02:13:10,正直、サザンオールスターズも桑田さんと原坊しか分からない #bakusho,1501234810437525512,hikineetboy
2022-12-14 02:13:09,#bakusho チキンジャンバラヤ！　ビーフストロガノフ！　ノフが強そうなのかな,90375904,UzuJisho
2022-12-14 02:12:57,余罪で顔確認でしょうな  #bakusho,1161766749408124928,deadpoor6
2022-12-14 02:12:53,ビーフストロガノフ、大学で東京に出てきて初めて知った味😅😅😅  #bakusho,248984326,geh00263
2022-12-14 02:12:49,所謂余罪を追及したら田中家に泥棒に入ったのを吐いたのね  #bakusho,3699007158,7yellowgreen1
2022-12-14 02:12:47,#bakusho 泥棒にこそ言うのが｢止まって待って」だな,858651918326841346,suguretabaka007
2022-12-14 02:12:47,ああｗ #bakusho,56560900,mochidorobow
2022-12-14 02:12:15,警察の振りして現場来る方いるから開けない方がいい  #bakusho,1161766749408124928,deadpoor6
2022-12-14 02:11:55,#bakusho 連れてこられても困る,90375904,UzuJisho
2022-12-14 02:11:32,怖い話やな  #bakusho,1161766749408124928,deadpoor6
2022-12-14 02:11:22,おばちゃん警察  #bakusho,1161766749408124928,deadpoor6
2022-12-14 02:11:03,いつも置いての知ってるやーつかな  #bakusho,1161766749408124928,deadpoor6
2022-12-14 02:10:42,『目撃者 田中裕二』 #bakusho,1421497446379577346,T_motives_ata
2022-12-14 02:10:02,護送車よりはパトカー乗ってみたい #bakusho,2235617196,tarako_ja_nai
2022-12-14 02:09:53,#bakusho 自分は理由は言えないけどパトカー乗ったことある,90375904,UzuJisho
2022-12-14 02:09:16,護送者に乗ってみたいか？ #bakusho,2502874238,amatubuman
2022-12-14 02:09:04,助けてくれぇーは切り札  #bakusho,1161766749408124928,deadpoor6
2022-12-14 02:08:53,田中の言うことが最近ますます変 田中「何にも考えられない。その場その場で思いついたことをそのまま喋ってるだけ…」#bakusho,1233425941356957696,GPepperGPepper
2022-12-14 02:08:43,バスびーーーーん！はどんな時に使えばいいのよ？ #bakusho,2235617196,tarako_ja_nai
2022-12-14 02:08:36,ウーチャカ🤣🤣 #bakusho,1545340535753154561,4oV1YpDOSrJWFBA
2022-12-14 02:08:34,たしかに乗ってみたい #bakusho,56560900,mochidorobow
2022-12-14 02:08:29,JUNK 爆笑問題カーボーイ | TBSラジオ  https://t.co/oiU1BiACQa #radiko #爆笑問題 #bakusho,1387202377,malumouke0817
2022-12-14 02:08:22,ブラックフライデーも意味なく嫌々やってるお店に行き当たったなぁ。 #bakusho,1522276001266368520,rai_si_n
2022-12-14 02:08:20,🎁｡oO（要はクリスマス商戦の先取りとしか=З #思っちゃったんだからしょうがない #bakusho #ブラックフライデー,383717484,tokuyoshikeiji
2022-12-14 02:08:12,バス、ビーーーーン!! 使いどころがわからない　 #bakusho,3699007158,7yellowgreen1
2022-12-14 02:07:51,その場その場で思いついたことを言ってるだけw 自覚はあるウーチャカ😅 #bakusho,101186658,hige_gun
2022-12-14 02:07:43,バス・ビーーーー  #bakusho,1120992203088654341,weepjp
2022-12-14 02:07:27,バスビーーん！！ #bakusho,2502874238,amatubuman
2022-12-14 02:07:25,#bakusho バスビーーーーーーーンお気に入り,90375904,UzuJisho
2022-12-14 02:07:00,#bakusho 太田「くるまブー！！」もはや流行語じゃなくただの赤ちゃん,1503929848263512064,kitsunenohatoko
2022-12-14 02:06:54,たしかに手巻き寿司作るとき 海苔に酢飯載せすぎちゃうね #bakusho,3699007158,7yellowgreen1
2022-12-14 02:06:53,オギー会からw  #bakusho,1161766749408124928,deadpoor6
2022-12-14 02:06:49,#bakusho 小木寿司,90375904,UzuJisho
2022-12-14 02:06:40,【チケット情報解禁！】 来年２月７日（火）・８日（水）・９日（木）LINE CUBE SHIBUYAで開催 『JUNK２０周年記念イベント』  チケット情報が解禁になりました🎫 詳しくは、JUNK20周年スペシャルサイトへ！ #junk20  #ijuin  #bakusho #fumou954 #meganebiiki #bananamoon   https://t.co/FCEsiM4oJg https://t.co/i1KYotiEGn,1395215435348418560,JUNK_TBSR
2022-12-14 02:06:29,小木寿司うらやま！！！ #bakusho,1283206838884855808,Anemoneiuy
2022-12-14 02:06:07,手巻き寿司ならぬ、小木寿司。 #bakusho,541597640,S8119
2022-12-14 02:06:02,#bakusho それは料理のコツでは,90375904,UzuJisho
2022-12-14 02:05:53,チケット争奪の自信がない自分にはありがたい配信 #bakusho,965974369343164421,moushachou
2022-12-14 02:05:52,どちらもアメリカからでしょう  #bakusho,1161766749408124928,deadpoor6
2022-12-14 02:05:50,先行予約迷うなあ😫 夜だから日帰り微妙だし。。。 冬の夜行バスはちょっとキツい…❄️🫠 #bakusho,1283206838884855808,Anemoneiuy
2022-12-14 02:05:31,ピョン吉Tしか着ない人が語るファッション  #bakusho,1161766749408124928,deadpoor6
2022-12-14 02:05:29,#bakusho 自分は未だに太田流行語大賞使ってますよ　人生ピロピロ　熊泥棒,90375904,UzuJisho
2022-12-14 02:05:27,【爆笑問題カーボーイ】 20周年イベントの詳細はこちら！ https://t.co/FCEsiM4WyO   #bakusho #ijuin https://t.co/AaUPCoL7vB,1395215435348418560,JUNK_TBSR
2022-12-14 02:05:23,手巻き寿司の哲学w #bakusho,101186658,hige_gun
2022-12-14 02:05:22,手巻き寿司も餃子も中身は少な目にするのがコツよな #bakusho,929757464857255936,dastinJT
2022-12-14 02:04:53,あと3年は哲学的ぃで良いわ 言わないしw  #bakusho,1161766749408124928,deadpoor6
2022-12-14 02:04:51,乗り物関連多いね #bakusho,1521550676022546434,mandarin_tsuki
2022-12-14 02:04:40,ブラックフライデーは中国じゃなくてアメリカじゃね？太田さん、独身の日と勘違いしてる気が #bakusho,1501234810437525512,hikineetboy
2022-12-14 02:04:38,哲学的ぃ〜！好きだから引き続き頑張ってほしいけどな。  #bakusho,1244317952280686593,M543212345
2022-12-14 02:04:38,ヤンバル悔いナシ！…もあんまり使わなかった太田さん。結構好きだから使ってる私 #bakusho,2235617196,tarako_ja_nai
2022-12-14 02:04:33,#bakusho 車ブー！！！！　バスビーーーーーーーン！,90375904,UzuJisho
2022-12-14 02:04:29,車ぶー！は、ちょっと面白かった。#bakusho,1438753346148442117,852sleepwalker
2022-12-14 02:04:26,#bakusho　ボロボロピィ―！止まって待って！　車ブー 勢いだけで流行語を狙う男　それが太田光　てーつがくてきぃー！,2360455976,Kimono_House
2022-12-14 02:04:20,「止まって待って」は生放送で太田さんが言われる側だろｗ　#bakusho,209634858,rest_r2
2022-12-14 02:04:19,行けましぇんので配信楽しみます！ #bakusho,1431336997,Niagirl_45
2022-12-14 02:04:14,スマホは店頭で触ってネットでSIMフリーモデル買うわ #bakusho,1501234810437525512,hikineetboy
2022-12-14 02:04:12,ボロボロピィー！ どんな時に使うの？w #bakusho,777805168419020800,bgyL4VRq8rjagmR
2022-12-14 02:04:07,今年も流行らない 哲学的ィ！ #bakusho,2653087250,zeronin_IWAYAf
2022-12-14 02:04:06,てぇ〜〜つがくてきぃぃぃ〜！ #bakusho,2235617196,tarako_ja_nai
2022-12-14 02:04:01,哲学的ぃー！ #bakusho,110053803,tomomigaoka1117
2022-12-14 02:03:47,今年いっぱいなんw  #bakusho,1161766749408124928,deadpoor6
2022-12-14 02:03:38,来週から番組先行抽選がありますよっと φ(・＿・”）ﾒﾓﾒﾓ　 #bakusho,3699007158,7yellowgreen1
2022-12-14 02:03:38,配信あるなら配信かなぁー  #bakusho,1559119590562484225,shimetteruyo
2022-12-14 02:03:37,#bakusho ボロボロピー！！！！,90375904,UzuJisho
2022-12-14 02:03:34,本当に言わなかったな哲学的ぃ  #bakusho,1161766749408124928,deadpoor6
2022-12-14 02:03:34,哲学的ぃ〜！  #bakusho,1225681337815683072,rentanokami
2022-12-14 02:03:30,太田流行語「ボロボロピィー！」「止まって待って！！」「車ブー！！」「バスビーー！」ｗ #bakusho,2656897453,ENEXP_ht1211
2022-12-14 02:03:24,Junk開始のイベントは横浜アリーナだったじゃん‼️  #ijuin #bakusho,806741724290682880,pikojirojr905
2022-12-14 02:03:22,3日間全部行きたい！チケ取れるかな！  今からドキドキする… #bakusho,839409662285918208,mac_raw_cross_k
2022-12-14 02:03:19,毎年新語流行語大賞狙って待ったく受けない太田さん😂😂😂  #bakusho,248984326,geh00263
2022-12-14 02:03:15,配信有難い  #bakusho,1161766749408124928,deadpoor6
2022-12-14 02:03:14,チケット抽選なのね！良かった。それがいい。公平だ。 #bakusho,2235617196,tarako_ja_nai
2022-12-14 02:03:11,太田さんの流行語候補 テンションだけ😅 #bakusho,101186658,hige_gun
2022-12-14 02:02:53,哲学的ぃぃぃぃー！ #bakusho,541597640,S8119
2022-12-14 02:02:38,JUNKイベント当たりますように #bakusho,777805168419020800,bgyL4VRq8rjagmR
2022-12-14 02:02:38,ﾎﾞﾛﾎﾞﾛﾋﾟｨｰｰｰｰ!!!! #bakusho,929757464857255936,dastinJT
2022-12-14 02:02:37,おー配信もあるのか！ ありがたい。  #bakusho,1225681337815683072,rentanokami
2022-12-14 02:02:31,てーーーつがくてきぃーーー  #bakusho,1432236043030319110,NC0cCAFEYFuEQXj
2022-12-14 02:02:30,オマケの伊集院さん、豪華ですねー最近、やっとしゃべれる様に！🐷　 太田さんの、豚イジりは止まらない！#bakusho,541597640,S8119
2022-12-14 02:02:24,さすがに聞いたことある曲をジングルにしないでしょ  #bakusho,110053803,tomomigaoka1117
2022-12-14 02:02:18,#bakusho 部費部費？,2360455976,Kimono_House
2022-12-14 02:02:13,チケット情報 #bakusho,3699007158,7yellowgreen1
2022-12-14 02:02:12,ぶひぶひいってた🤣 #bakusho,1545340535753154561,4oV1YpDOSrJWFBA
2022-12-14 02:02:09,JUNK。いよいよメンバーチェンジかあるのかな？月・水・金か変わってくれるといいな。と。 #bakusho,94513415,PONSKE_ZZ
2022-12-14 02:02:03,伊集院と会った 太田「さっき世間話したらブヒブヒ言ってましたよ。『ようやく喋れるようになったね』って」#bakusho,1233425941356957696,GPepperGPepper
2022-12-14 02:02:03,安い！しかも配信ある #bakusho,1521550676022546434,mandarin_tsuki
2022-12-14 02:02:02,何が何でも取ったる…！！！ #bakusho #ijuin,1969337972,saha_radi0
2022-12-14 02:02:01,JUNK先行、先着ではなく抽選、と  #bakusho,839409662285918208,mac_raw_cross_k
2022-12-14 02:01:59,カーボーイイベント、行けるかな行けるかないーけーるーかーなー！ #bakusho,2235617196,tarako_ja_nai
2022-12-14 02:01:58,#bakusho 速報　伊集院光さん人間の言葉喋れるようになった,90375904,UzuJisho
2022-12-14 02:01:56,安すぎてびっくりしてる １万5000円ぐらいは覚悟してたよ？？？　#bakusho,929757464857255936,dastinJT
2022-12-14 02:01:42,JUNKイベント行きてえな😢 #bakusho,1431336997,Niagirl_45
2022-12-14 02:01:42,ウーチャカ天然😌 #bakusho,777805168419020800,bgyL4VRq8rjagmR
2022-12-14 02:01:40,爆笑問題伊集院さんイベント楽しみだわ  #bakusho,1161766749408124928,deadpoor6
2022-12-14 02:01:38,豚笑 #bakusho,1521550676022546434,mandarin_tsuki
2022-12-14 02:01:33,先着じゃなくて抽選！！！ #bakusho,929757464857255936,dastinJT
2022-12-14 02:01:25,#bakusho 切込隊長爆笑問題,1503929848263512064,kitsunenohatoko
2022-12-14 02:01:22,JUNKイベントチケット情報来きた！！ #bakusho,839409662285918208,mac_raw_cross_k
2022-12-14 02:01:20,JUNK20周年イベントのお知らせ #bakusho,3699007158,7yellowgreen1
2022-12-14 02:01:15,これじゃないYO! #bakusho,1553781551732707328,ponzu_zamurai
2022-12-14 02:01:14,ラーゲリのラジオCMなんのバトル映画なんだ？ってなる #bakusho,2653087250,zeronin_IWAYAf
2022-12-14 02:01:03,5000円！？？！？！！！やっす！！！！！ #bakusho,929757464857255936,dastinJT
2022-12-14 02:00:49,今日はイップス発動が早いwww CD田中に期待！ 水木一郎アニキが出たらしっかり刻み込もう。 #bakusho #爆笑問題カーボーイ #太田光 #田中裕二 #水木一郎,2504664018,ken05131227
2022-12-14 02:00:49,カーボーイ25周年！JUNKイベントも！！楽しみすぎ！！！！ #bakusho,929757464857255936,dastinJT
2022-12-14 02:00:39,爆笑問題は、切り込み隊長！！😆 #bakusho,541597640,S8119
2022-12-14 02:00:28,ラジオネームの前に「あ、」付けようかな。 #bakusho,1553781551732707328,ponzu_zamurai
2022-12-14 02:00:19,あー、そー言えば…俺も脳梗塞になって以来なんかよくわからない事がツボになって笑いが止まらなくなったりする事があるんだけど…ウーチャカと同じ現象なのかな？(^^; #bakusho,746416684773171200,hlyQEvJ47Y04kbi
2022-12-14 02:00:03,JUNK 20周年イベントのお知らせ! #bakusho,101186658,hige_gun
2022-12-14 01:59:58,切り込み隊長の爆笑問題 #bakusho,1501234810437525512,hikineetboy
2022-12-14 01:59:30,やっぱり　#bakusho は 安定しておもしろい😁,1545340535753154561,4oV1YpDOSrJWFBA
2022-12-14 01:57:09,#bakusho チャットモンチーの名前にツボるウーチャカ 「モン…チー？なの？w」  それこそウー…チャカがよく言うよ！,1503929848263512064,kitsunenohatoko
2022-12-14 01:55:59,信じてもらえないかも知れないがバカにはしていない😂😂 #bakusho,1283206838884855808,Anemoneiuy
2022-12-14 01:55:40,どうして世の中の人は、ウーチャカをまともだと思ってるのかw　こんなにヒドイのにwww #bakusho,1553781551732707328,ponzu_zamurai
2022-12-14 01:55:34,ほんっとに悪田中だよ……！それでも世間では好感度高いからまた不思議なんだよな #bakusho,2235617196,tarako_ja_nai
2022-12-14 01:55:14,田中さんの判断基準が分からない #bakusho,1466028161121292290,Hy6Bjf
2022-12-14 01:55:07,まだBialystocsを馬鹿にする 田中「あぽんゆー？って」#bakusho,1233425941356957696,GPepperGPepper
2022-12-14 01:54:45,イップス発動ウーチャカ #bakusho,777805168419020800,bgyL4VRq8rjagmR
2022-12-14 01:54:36,脳が悪いムーブ  #bakusho,1161766749408124928,deadpoor6
2022-12-14 01:54:30,それもう田中さんの言い方ひとつじゃんw  #bakusho,839409662285918208,mac_raw_cross_k
2022-12-14 01:54:29,田中さんの爆笑問題。 #bakusho,800382944942526464,WhatCardIShow
2022-12-14 01:54:19,【悲報】田中は未だにチャットモンチーをバカにする #bakusho,1466028161121292290,Hy6Bjf
2022-12-14 01:54:17,知らない強調も如何かw  #bakusho,1161766749408124928,deadpoor6
2022-12-14 01:54:16,#bakusho 笑っちゃったなんてレベルじゃなかった,90375904,UzuJisho
2022-12-14 01:54:11,それがダメでしょwww #bakusho,1553781551732707328,ponzu_zamurai
2022-12-14 01:54:09,#bakusho ウーチャカはチャントモンキーさんは知ってるのかな？,730403150306246656,sehi_sehi
2022-12-14 01:54:01,.｡oO（アイフル❤️？=З #思っちゃったんだからしょうがない #bakusho,383717484,tokuyoshikeiji
2022-12-14 01:53:52,ウーチャカイップス殿堂入りのチャットモンチーw #bakusho,294592125,sonokawa28
2022-12-14 01:53:50,顔も曲も知らない人を、馬鹿にする恐ろしいウーチャカ。😅 #bakusho,541597640,S8119
2022-12-14 01:53:47,ウーチャカあるあるチャットモンチーバカにしがち #bakusho,777805168419020800,bgyL4VRq8rjagmR
2022-12-14 01:53:42,チャットモンチーをいまだに馬鹿にする 田中「モンチイー？ってなっちゃう」#bakusho,1233425941356957696,GPepperGPepper
2022-12-14 01:53:37,先走りイップスするウーチャカw #bakusho,2653087250,zeronin_IWAYAf
2022-12-14 01:53:35,またイップス出るぞ  #bakusho,1161766749408124928,deadpoor6
2022-12-14 01:53:32,チャットモンチーとUponはNG。笑 #bakusho,1553781551732707328,ponzu_zamurai
2022-12-14 01:53:32,あぽんwww #bakusho,1283206838884855808,Anemoneiuy
2022-12-14 01:53:31,まだチャットモンチーで笑ってる #bakusho,3699007158,7yellowgreen1
2022-12-14 01:53:19,王貞治さん、パナマ帽とか似合いそう #bakusho,2235617196,tarako_ja_nai
2022-12-14 01:53:16,曲も知らなきゃ顔も知らない人をバカにしちゃったウーチャカ😂😂 #bakusho,1283206838884855808,Anemoneiuy
2022-12-14 01:53:15,解散して何年も経ってるのに、田中さんに名前を馬鹿にされるチャットモンチー。  #bakusho,854053047021879297,metal_tron
2022-12-14 01:53:11,#bakusho 芋の煮っ転がしも相当馬鹿にしてた,90375904,UzuJisho
2022-12-14 01:53:06,王さんのニット帽姿w #bakusho,95278262,tripper0610
2022-12-14 01:53:00,あばよ帽子 #bakusho,990432082252840961,maltohaim
2022-12-14 01:52:59,エルピスってカルピスからでしょう #bakusho,1161766749408124928,deadpoor6
2022-12-14 01:52:57,いまだにチャットモンチーでワル田中発動w #bakusho,101186658,hige_gun
2022-12-14 01:52:57,チャットモンチーも笑っちゃうウーチャカ。#bakusho https://t.co/VVKjgDpH9c,2656897453,ENEXP_ht1211
2022-12-14 01:52:36,偽物の方がwwww #bakusho,758960717298925568,Team_atozumo
2022-12-14 01:52:31,キャンプでニットはあるイメージ  #bakusho,1161766749408124928,deadpoor6
2022-12-14 01:52:28,まあチャットモンチーは笑っちゃうウーチャカの気持ちも分かる #bakusho,1501234810437525512,hikineetboy
2022-12-14 01:52:15,なったｗ #bakusho,56560900,mochidorobow
2022-12-14 01:52:14,#bakusho 王さんニット帽似合いそう,90375904,UzuJisho
2022-12-14 01:51:51,能年玲奈がのんをなのった時のフットボール岩尾さんの気持ちをききたい #bakusho,918450509610020864,addicttoradio
2022-12-14 01:51:51,#bakusho　世界の王にすでになった！www,571097018,hee_8
2022-12-14 01:51:45,光が死んだ夏ネタ来た #bakusho,1036627742,zeroset999
2022-12-14 01:51:45,まさか、光が死んだ夏がこのラジオで言われるとは #bakusho,2949830695,nanase46_525_
2022-12-14 01:51:45,貞治より似合うwwww #bakusho,1438753346148442117,852sleepwalker
2022-12-14 01:51:42,27時間TVやってほしい  #bakusho,1161766749408124928,deadpoor6
2022-12-14 01:51:30,#bakusho バカリズムに相方元気って今でも言ってるのは確かに太田さんくらいしか見ない,90375904,UzuJisho
2022-12-14 01:51:16,金玉を高額転売wwwwww #bakusho,758960717298925568,Team_atozumo
2022-12-14 01:51:08,新〇〇 #bakusho,965974369343164421,moushachou
2022-12-14 01:51:02,王貞治より帽子が似合う人ｗｗｗｗｗｗｗ シンプルで面白いあいさつ文めっちゃ笑うｗｗｗｗ #bakusho,929757464857255936,dastinJT
2022-12-14 01:50:43,JUNK 爆笑問題カーボーイ │ ＨＢＣラジオ  https://t.co/q3Z7JuzozZ #radiko #hbcradio #bakusho,143320253,kk_says
2022-12-14 01:50:41,楽ｗ #bakusho,56560900,mochidorobow
2022-12-14 01:50:06,あいうえおさんはドラえもんの「アンキパン」に名前だけ出てくるよ！ #bakusho,2235617196,tarako_ja_nai
2022-12-14 01:50:06,じゃあ能年さんも、って思っちゃうニュース。#bakusho,95278262,tripper0610
2022-12-14 01:49:58,出席番号1番あぁ〜しらき 笑 #bakusho,1036627742,zeroset999
2022-12-14 01:49:52,最近はあいうえお順じゃなくアルファベット順も多いよ。うちの子供も後ろの方になった。  #bakusho,248984326,geh00263
2022-12-14 01:49:50,ハロプロに『あぁ！』ってのがいてですね  #bakusho,1262344444071702528,_backandforth_
2022-12-14 01:49:43,慣性の法則があるから新幹線の中でシテもそんなことにはならないのよｗｗ  #bakusho,3699007158,7yellowgreen1
2022-12-14 01:49:37,あぁ〜しらき vs 愛内里菜 vs ＡＩの出席番号バトル #bakusho,1033707734237990912,uni_ikura_11
2022-12-14 01:49:37,広瀬香美もあったよね。 #bakusho,1431336997,Niagirl_45
2022-12-14 01:49:25,アイアイ  #bakusho,1161766749408124928,deadpoor6
2022-12-14 01:49:20,ポケモンではきんのたまが高額転売できるけどね #bakusho,1501234810437525512,hikineetboy
2022-12-14 01:49:12,時速300キロでザーメン🤣へびつかい座さん、最高だな！ #bakusho,2235617196,tarako_ja_nai
2022-12-14 01:49:09,出席番号1番ああ～しらきww #bakusho,1431336997,Niagirl_45
2022-12-14 01:49:06,のんはずっと使えないのか  #bakusho,1161766749408124928,deadpoor6
2022-12-14 01:48:59,会一太郎最強説 #bakusho,761907929876357120,kigurumi_no
2022-12-14 01:48:56,ああしらき #bakusho,918450509610020864,addicttoradio
2022-12-14 01:48:48,田中さんスラムダンク読んでたんだ！  #bakusho,1244317952280686593,M543212345
2022-12-14 01:48:48,#bakusho 芸名問題はどっちに落ち度があろうと芸能人の味方したくなる,90375904,UzuJisho
2022-12-14 01:48:45,今日もJUNKアダルトが むき出しにして走ってく…w #bakusho,2653087250,zeronin_IWAYAf
2022-12-14 01:48:24,#bakusho そこは比例しないだろw,1545340535753154561,4oV1YpDOSrJWFBA
2022-12-14 01:48:23,あぁ、愛内里菜の出席番号はよく話題に上ってたw #bakusho,101186658,hige_gun
2022-12-14 01:48:20,あぁ〜しらきｗ #bakusho,56560900,mochidorobow
2022-12-14 01:48:17,#bakusho 太田さんもスラムダンク見てほしいな。スラムダンクはドカベンにインスパイアされてるから。,1503929848263512064,kitsunenohatoko
2022-12-14 01:48:10,田中「あぁ～しらきは、いねぇだろ！クラスに！」ｗ #bakusho,2656897453,ENEXP_ht1211
2022-12-14 01:48:06,スラダン　 爆笑問題は直撃世代よりちょっと上だね #bakusho,3699007158,7yellowgreen1
2022-12-14 01:48:03,円楽師匠の方が先でしょ。 #bakusho,136156736,Khei1983
2022-12-14 01:47:59,へびつかい座さんに告白だ🐍！！ #bakusho,1283206838884855808,Anemoneiuy
2022-12-14 01:47:57,愛内って、本名なの？  #bakusho,248984326,geh00263
2022-12-14 01:47:45,何十年前かな  #bakusho,1161766749408124928,deadpoor6
2022-12-14 01:47:38,時速300キロのザーメン😅😅😅  #bakusho,248984326,geh00263
2022-12-14 01:47:31,安西先生は三井を放置し過ぎだな  #bakusho,1161766749408124928,deadpoor6
2022-12-14 01:47:27,ブラックピンク？ はじめてきいた ウーチャカ長女ちゃんも好きなんだ #bakusho,1466028161121292290,Hy6Bjf
2022-12-14 01:47:19,スラムダンクの映画、昔とはルールが違うしってマヂラブANN0でも話してたわ #bakusho,101186658,hige_gun
2022-12-14 01:47:14,#bakusho 安齋さんは試合遅刻してくる,90375904,UzuJisho
2022-12-14 01:47:11,新幹線でシコるなよ笑 #bakusho,1501234810437525512,hikineetboy
2022-12-14 01:47:10,#bakusho チョコベビーズの人じゃん,2360455976,Kimono_House
2022-12-14 01:46:50,ウーチャカの娘ちゃんブルピン好きなんや☺️でも略称がブラピなのは確かにブラッド・ピットよな。笑 #bakusho,478849914,d0iOi0b
2022-12-14 01:46:38,山田邦子はWの審査員やればいいじゃんと思ったけど過去に一悶着あったんだった  #bakusho,110053803,tomomigaoka1117
2022-12-14 01:46:38,安西先生が安斎肇ww #bakusho,1501234810437525512,hikineetboy
2022-12-14 01:46:25,#bakusho BLACKPINKネーミング大賞受賞,90375904,UzuJisho
2022-12-14 01:46:14,こじるりの風評被害 #bakusho,3699007158,7yellowgreen1
2022-12-14 01:46:09,ド下ネタ🤣 #bakusho,1228013259640340480,alleyjapow
2022-12-14 01:46:03,おっポンプ屋さん！ サイテーなネタだ😆 #bakusho,1466028161121292290,Hy6Bjf
2022-12-14 01:45:49,山田クンニ子ww #bakusho,1378505757709115395,tekito_2107
2022-12-14 01:45:43,ポンさん最高過ぎるwww #bakusho,1225681337815683072,rentanokami
2022-12-14 01:45:42,ポンプ屋さんや〜🤣 #bakusho,498847626,yuu7suke
2022-12-14 01:45:41,意外というか  #bakusho,1161766749408124928,deadpoor6
2022-12-14 01:45:40,ブラピって、ハリウッド俳優しか浮かばないよ・・・ #bakusho,541597640,S8119
2022-12-14 01:45:31,#bakusho 左手をご覧下さい　1番高いのが中指でございます,90375904,UzuJisho
2022-12-14 01:45:27,ポンプ屋のポンさん😊 #bakusho,2235617196,tarako_ja_nai
2022-12-14 01:45:25,邦ちゃんｗｗ #bakusho,3699007158,7yellowgreen1
2022-12-14 01:45:24,Youtubeの広告がBLACKPINKばっかりで嫌いになりそうだわ #bakusho,1501234810437525512,hikineetboy
2022-12-14 01:45:10,やっべええおもろい🤣🤣 #bakusho,1545340535753154561,4oV1YpDOSrJWFBA
2022-12-14 01:45:03,やめなさいよ！ダメww #bakusho,1438753346148442117,852sleepwalker
2022-12-14 01:45:02,さいてー笑 #bakusho,1521550676022546434,mandarin_tsuki
2022-12-14 01:45:01,コンボイ知らんのか  #bakusho,1161766749408124928,deadpoor6
2022-12-14 01:44:57,M-1審査員。太田光「意外だったね、(山田)邦子さん」  #bakusho,1033707734237990912,uni_ikura_11
2022-12-14 01:44:54,こじるりのこのネタ久々に聴いたな #bakusho,929757464857255936,dastinJT
2022-12-14 01:44:33,ポンさん、どシモ😄 #bakusho,101186658,hige_gun
2022-12-14 01:44:31,一発目から最低なネタwwwww #bakusho,434233977,yusu_519
2022-12-14 01:44:27,サボテンにち○こは痛いよ〜 #bakusho,1501234810437525512,hikineetboy
2022-12-14 01:44:13,ひどいｗｗ #bakusho,56560900,mochidorobow
2022-12-14 01:44:08,「入れてーなー」「ほな入れよか」 フルタイムロッカーのCMは下ネタだったのか😅😅😅  #bakusho,248984326,geh00263
2022-12-14 01:43:59,M-1の審査員に山田邦子さんは意外だったな #bakusho,1501234810437525512,hikineetboy
2022-12-14 01:43:54,火曜ジャーンク　爆笑問題カーボーイ！  #bakusho #爆笑問題カーボーイ #太田光 #田中裕二,2504664018,ken05131227
2022-12-14 01:42:49,このCM聴くと方向性違うバンドはALFEE見習え。思い出してしまうw #bakusho,1431336997,Niagirl_45
2022-12-14 01:42:44,ラジスマ対応端末はAQUOS R6以外全部ポンコツだよな #bakusho,1501234810437525512,hikineetboy
2022-12-14 01:42:43,#bakusho 湯たんぽあったかい,90375904,UzuJisho
2022-12-14 01:42:13,どてらって中々聞かないw #bakusho,761907929876357120,kigurumi_no
2022-12-14 01:42:10,ヒートテック的なの買うか 毎年買ってるな  #bakusho,1161766749408124928,deadpoor6
2022-12-14 01:42:06,どてら！ #bakusho,889420278853386240,shinshingo0112
2022-12-14 01:42:04,ウーチャカよ、もうダウン着てるよ！ #bakusho,2235617196,tarako_ja_nai
2022-12-14 01:41:55,「うちが先だっちゃー」（小学館CM）😅😅😅  #bakusho,248984326,geh00263
2022-12-14 01:41:37,もうダウン着てる  #bakusho,1161766749408124928,deadpoor6
2022-12-14 01:41:31,ダウン着て下さいw #bakusho,2993131092,aoi_elmo
2022-12-14 01:41:30,高橋さんが天気予報で主張し始めた。 #bakusho,95278262,tripper0610
2022-12-14 01:41:25,どてら #bakusho,788328396568731648,sonofabixxx
2022-12-14 01:41:20,寒いのも雨も雪やだな  #bakusho,1161766749408124928,deadpoor6
2022-12-14 01:41:18,火曜ジャーンク！ 爆笑問題カーボーイ！！ #bakusho,1378505757709115395,tekito_2107
2022-12-14 01:41:11,なんか火曜日☔️多いのよ #bakusho,2235617196,tarako_ja_nai
2022-12-14 01:40:56,ウーチャカはあくまでもアナウンサー  #bakusho,1161766749408124928,deadpoor6
2022-12-14 01:40:50,田中の天気予報は今週も最高ね。心に響く素晴らしい天気予報。天気予報の申し子、田中。 #bakusho,3193366626,90_ohana
2022-12-14 01:40:45,#bakusho エブリとアプリ,90375904,UzuJisho
2022-12-14 01:40:30,火曜ジャーンク！ 爆笑問題カーボーイ！！  #bakusho,1077193939621273601,nuketa_tamashii
2022-12-14 01:40:29,防寒具着ます #bakusho,139108218,delusiondice
2022-12-14 01:40:27,的中を強調  #bakusho,1161766749408124928,deadpoor6
2022-12-14 01:40:08,火曜ジャーンク！ 爆笑問題カーボーイ！  #bakusho,1225681337815683072,rentanokami
2022-12-14 01:40:08,かよージャーンク！ 爆笑問題カーボーイ！！ #bakusho,2235617196,tarako_ja_nai
2022-12-14 01:40:01,ウーチャカ天気予報  #bakusho,1161766749408124928,deadpoor6
2022-12-14 01:39:53,#bakusho サザンもw,1545340535753154561,4oV1YpDOSrJWFBA
2022-12-14 01:39:49,作家高橋さんはevery.とか見て天気予報の原稿を書いてるｗ #bakusho,2656897453,ENEXP_ht1211
2022-12-14 01:39:40,#bakusho 今日オープニング短いなあ,90375904,UzuJisho
2022-12-14 01:39:33,割と長いだな  #bakusho,1161766749408124928,deadpoor6
2022-12-14 01:39:25,＼爆笑問題カーボーイ！／               #bakusho,2991031126,ayurah_radio
2022-12-14 01:39:19,太田です #bakusho,55823264,kakiotu
2022-12-14 01:39:19,爆笑問題カーボーイ！！ #bakusho,541597640,S8119
2022-12-14 01:39:11,#bakusho 右に回せばシャープペン　左に回せばボールペン,90375904,UzuJisho
2022-12-14 01:39:05,火曜ジャーンク！爆笑問題カーボーイ！  #bakusho,248984326,geh00263
2022-12-14 01:39:05,石鹸の起源はファイトクラブで学んだ #bakusho,2653087250,zeronin_IWAYAf
2022-12-14 01:39:00,火曜じゃーんく！ #bakusho,1213162583613562880,6041__
2022-12-14 01:38:57,ポッキーもエロいのか  #bakusho,1161766749408124928,deadpoor6
2022-12-14 01:38:43,そろそろ参りましょう #bakusho,55823264,kakiotu
2022-12-14 01:38:40,火曜ジャーンク！爆笑問題カーボーイ！！#bakusho,2656897453,ENEXP_ht1211
2022-12-14 01:38:38,ウーパンの活用よりもやっぱりソールはすごいネーミングセンス #bakusho,1211325851255459840,JUNKANNradiko
2022-12-14 01:38:36,「火曜ジャーンク！」 「「爆笑問題カーボーイ！！」」 #bakusho,929757464857255936,dastinJT
2022-12-14 01:38:23,#bakusho 確かに今更午後の紅茶が受賞はなんか違うかも,90375904,UzuJisho
2022-12-14 01:38:14,写ルンです。もなかなかいいネーミング。 感染るんです、っていう漫画あったねー。  #bakusho,248984326,geh00263
2022-12-14 01:38:07,かりゆし58 ヨネダ2000 モンゴル800  数字が分かんなくなるなあ(笑)  #bakusho,1429103658793201671,shun_0441
2022-12-14 01:37:50,裕二､ゆうくん､ゆーくん､ウーパン､ウーチャカ  #bakusho,1466028161121292290,Hy6Bjf
2022-12-14 01:37:49,「ゆうじ」 「ゆうくん」 「うーくん」 「うーぱん」 ここに「ウーチャカ」が入って田中裕二五段活用か。 #bakusho,89442494,amipunch
2022-12-14 01:37:44,ウーパンだからね、俺は (ドヤァ   #bakusho,1345169997727895552,micchanayo
2022-12-14 01:37:37,「ゆうじ→ゆうくん→うーくん→ウーパン、なんだから！」  なんだからって言われましてもw #bakusho,839409662285918208,mac_raw_cross_k
2022-12-14 01:37:29,バブル以来付けてないのかな  #bakusho,1161766749408124928,deadpoor6
2022-12-14 01:37:25,日本ネーミング大賞2022 受賞結果です #bakusho https://t.co/UI74OmLeWI,101186658,hige_gun
2022-12-14 01:37:11,#bakusho ウーチャカという名前も秀逸。ネーミング大賞にエントリーする？,1503929848263512064,kitsunenohatoko
2022-12-14 01:36:45,うちの夫もPerfumeのかしゆかのこと“かりゆし”ていつも言う。 #bakusho,89442494,amipunch
2022-12-14 01:36:43,確かにシャボン玉ホリデーって素晴らしいネーミングだよね。  #bakusho,248984326,geh00263
2022-12-14 01:36:37,気持ち悪い三段活用  #bakusho,1161766749408124928,deadpoor6
2022-12-14 01:36:24,#bakusho ウーパン復活したぞー!のジングルが聴きたくなりました,2360455976,Kimono_House
2022-12-14 01:36:21,ドラゴンボールのパンから 取ってる名前。 #bakusho,1051750981266890752,Peugeot406_
2022-12-14 01:36:18,自分のあだ名にプライドを持っている異常者田中。#bakusho,1233425941356957696,GPepperGPepper
2022-12-14 01:36:18,かりゆし2000(1942多い) #bakusho,1407197335,sh_gaki
2022-12-14 01:36:18,「なんだから」 #bakusho,788328396568731648,sonofabixxx
2022-12-14 01:36:14,#bakusho なんだから！,90375904,UzuJisho
2022-12-14 01:36:12,元祖ぱん  #bakusho,1161766749408124928,deadpoor6
2022-12-14 01:36:11,かりゆし58 オフィシャル https://t.co/5ufXQXMYCU        #bakusho,727870597682712576,onkoh_ando
2022-12-14 01:36:08,賞ものの裏には闇がありそうな気がしてならない #bakusho,107498346,necomomi
2022-12-14 01:36:08,ぱんちゃん裕二 #bakusho,788328396568731648,sonofabixxx
2022-12-14 01:36:03,かしゆかとかりゆし、確かに似てる #bakusho,2235617196,tarako_ja_nai
2022-12-14 01:35:59,よこちゃん、聴いてるかな？ #bakusho https://t.co/K7cCyxX9p9,1002785338211758080,uripiyorock
2022-12-14 01:35:56,新語流行語大賞よりうまく世相を表してるかもね。  #bakusho,248984326,geh00263
2022-12-14 01:35:53,漫才のつかみか  #bakusho,1161766749408124928,deadpoor6
2022-12-14 01:35:53,かしゆか かりゆし  #bakusho,1429103658793201671,shun_0441
2022-12-14 01:35:53,ウーチャカ　かしゆかとかりゆしは全然違うじゃんwww  #bakusho,1225681337815683072,rentanokami
2022-12-14 01:35:41,かしゆかとかりゆし、めちゃわかるけど太田さんには響かないw #bakusho,1431336997,Niagirl_45
2022-12-14 01:35:40,#bakusho ぱんちゃんお気に入り,90375904,UzuJisho
2022-12-14 01:35:35,かしゆかorかりゆし #bakusho,3699007158,7yellowgreen1
2022-12-14 01:35:35,あ～ちゃんです のっちです かりゆしです 3人あわせてPerfumeです #bakusho,65682743,dearainbow
2022-12-14 01:35:27,かりゆし≒かしゆか 笑 #bakusho,1036627742,zeroset999
2022-12-14 01:35:27,かりゆし＝かしゆかw #bakusho,1553781551732707328,ponzu_zamurai
2022-12-14 01:35:17,裕二→ゆう君→うー君→うーパン #bakusho,929757464857255936,dastinJT
2022-12-14 01:35:15,ウーチャカは、ウーパンでもあるゼ！ #bakusho,541597640,S8119
2022-12-14 01:35:12,ウーチャカは常に上の空  #bakusho,1161766749408124928,deadpoor6
2022-12-14 01:35:02,元祖・ぱんちゃん裕二 #bakusho,15156284,doudeshow
2022-12-14 01:34:59,#bakusho セロテープみたいなものね　かりゆし,90375904,UzuJisho
2022-12-14 01:34:57,元祖パンチャン裕二 #bakusho,929757464857255936,dastinJT
2022-12-14 01:34:51,かしゆかとかりゆしが判らなくなる田中さん🤔 #bakusho,778635552073494528,brians_sc
2022-12-14 01:34:33,Perfumeをあ〜ちゃん・のっち・かりゆしだと思っちゃうウーチャカ #bakusho,15156284,doudeshow
2022-12-14 01:34:31,吹っき子とボッキ子でいいねー #bakusho,1211325851255459840,JUNKANNradiko
2022-12-14 01:34:31,かりゆしとかしゆかがごっちゃになる絶望のひとw #bakusho,101186658,hige_gun
2022-12-14 01:34:19,Perfumeかしゆかをかりゆしと勘違いするウーチャカ…（？） #bakusho,1969337972,saha_radi0
2022-12-14 01:34:19,復帰っ子ってリズミカルな語感でいいね  #bakusho,110053803,tomomigaoka1117
2022-12-14 01:34:15,かりゆしかしゆか #bakusho,56560900,mochidorobow
2022-12-14 01:34:12,復帰子勃起子 #bakusho,1466028161121292290,Hy6Bjf
2022-12-14 01:34:11,#bakusho 沖縄はタイタンシネマライブの反応も凄くいいし爆笑問題ファン多い,90375904,UzuJisho
2022-12-14 01:33:59,そうね……。なんとなく北国の人は「ちんこすこう」とは付けないイメージ。 #bakusho,2235617196,tarako_ja_nai
2022-12-14 01:33:47,普通にTwitterアカウントあったわ！！ ちんことわざカルタ気になりすぎる😂 #bakusho https://t.co/L4B1Rb5egI,1283206838884855808,Anemoneiuy
2022-12-14 01:33:45,これは来週のちんフラさんがたのしみだ #bakusho,1466028161121292290,Hy6Bjf
2022-12-14 01:33:21,なんか後ろでギターの音がするんだよな #bakusho,839409662285918208,mac_raw_cross_k
2022-12-14 01:33:07,社長がちんこすこうをイジらないでと言ったら もうそれしかない😂 #bakusho,1466028161121292290,Hy6Bjf
2022-12-14 01:32:59,ヨコちゃん大喜びwww  #bakusho  #ラジオ南国の夜,2991031126,ayurah_radio
2022-12-14 01:32:57,#bakusho 復帰っ子のよこちゃん,90375904,UzuJisho
2022-12-14 01:32:35,弄り過ぎないように！🤣🤣 #bakusho,1077193939621273601,nuketa_tamashii
2022-12-14 01:32:31,ちんこすこうをいじりすぎないようにw #bakusho,1211325851255459840,JUNKANNradiko
2022-12-14 01:32:22,突如現れたちんこすこう正義派の刺客、何者だったんだろw #bakusho,839409662285918208,mac_raw_cross_k
2022-12-14 01:32:21,それは「押すなよ！絶対押すなよ！」的フリ？w #bakusho,294592125,sonokawa28
2022-12-14 01:32:13,いじっちゃダメっていういじり #bakusho,965974369343164421,moushachou
2022-12-14 01:32:11,ぼっきっ子ww #bakusho,1501234810437525512,hikineetboy
2022-12-14 01:32:11,タイタンのコンプライアンス本部長・太田光代氏。 #bakusho,1407197335,sh_gaki
2022-12-14 01:31:54,.｡oO（今さっきギターの弦の音が聞こえたけど、誰かゲスト来てるのかねぇ #bakusho,383717484,tokuyoshikeiji
2022-12-14 01:31:46,ちんこすこうをイジり過ぎない様に！！  #bakusho,1225681337815683072,rentanokami
2022-12-14 01:31:46,ギター鳴ったぞ #bakusho,990432082252840961,maltohaim
2022-12-14 01:31:36,#bakusho せいやのちんこをいじらないようにって注意と同じ現象,90375904,UzuJisho
2022-12-14 01:31:35,ちんこすこうは無冠？剥かん？#bakusho,1077193939621273601,nuketa_tamashii
2022-12-14 01:31:29,楽しそうな会議だな笑 #bakusho,1617664262,odango34
2022-12-14 01:31:29,ちんこすこう弄りすぎないように！社長ww #bakusho,1431336997,Niagirl_45
2022-12-14 01:31:22,ほぼカニ https://t.co/agfMfqPaHT        #bakusho,727870597682712576,onkoh_ando
2022-12-14 01:31:12,太田光代氏「ちんこすこうはいじるなよ  (ﾌﾘ」 #bakusho,778635552073494528,brians_sc
2022-12-14 01:31:09,“ほぼカニ”て随分前からあるのに？ 今年のネーミングを選考するのではなく？ #bakusho,89442494,amipunch
2022-12-14 01:31:08,ちんこすこうをイジりすぎないように! みっちゃんの芸人DNA w #bakusho,101186658,hige_gun
2022-12-14 01:31:07,やっぱギターの音だよね #bakusho,1969337972,saha_radi0
2022-12-14 01:31:07,「ちんこすこうをいじりすぎないように！」 #bakusho,141214029,fumiyan77
2022-12-14 01:31:03,今日は深夜ラジオを聴いてるって感じがする♪ #bakusho,1077193939621273601,nuketa_tamashii
2022-12-14 01:30:51,このパターンで立候補しちゃう方いるんだろうな  #bakusho,1161766749408124928,deadpoor6
2022-12-14 01:30:51,ほぼカニもほぼホタテも 好きぃ～ #bakusho,3699007158,7yellowgreen1
2022-12-14 01:30:49,ちんこすこうをイジりすぎないようにｗ #bakusho,901338862609289216,Phimosis44
2022-12-14 01:30:47,ちんこすこうのことはいじりすぎないように😂！！！ #bakusho,1283206838884855808,Anemoneiuy
2022-12-14 01:30:47,ちんこすこうイジりすぎないように！ #bakusho,1969337972,saha_radi0
2022-12-14 01:30:45,#bakusho 今後ろでギター弾いた？,90375904,UzuJisho
2022-12-14 01:30:44,#bakusho 昨日はクリ、そして今日はかり、ちん……,2360455976,Kimono_House
2022-12-14 01:30:39,光代「ちんこすこうをイジりすぎないように！」ｗ #bakusho,2656897453,ENEXP_ht1211
2022-12-14 01:30:36,「ちんこすこうのことをいじりすぎないように！！！！」 #bakusho,929757464857255936,dastinJT
2022-12-14 01:30:33,ｗｗｗｗ #bakusho,56560900,mochidorobow
2022-12-14 01:30:31,保守的ww #bakusho,1545340535753154561,4oV1YpDOSrJWFBA
2022-12-14 01:30:29,沖縄には漫湖もあるし強すぎるとしか言いようがないよ #ちんこすこう #bakusho,55132835,HiR0_K
2022-12-14 01:30:21,スケープゴートのピエロ  #bakusho,1161766749408124928,deadpoor6
2022-12-14 01:30:16,正直初めてほぼカニをスーパーで見た時笑ったなぁ #bakusho,459401644,shian_ZERO
2022-12-14 01:30:13,www〜.｡oO（下ネタ言いたいだけ〜って、それ以外何の目的があるんだよ=З #bakusho #ネーミング大賞,383717484,tokuyoshikeiji
2022-12-14 01:30:11,今、なんかギターの弦みたいな音しなかった？！ #bakusho,1283206838884855808,Anemoneiuy
2022-12-14 01:30:09,カーボーイや鶴光師匠を聴いてれば「ちんこ」とか免疫あるから全然平気 #bakusho,2235617196,tarako_ja_nai
2022-12-14 01:30:04,#bakusho 国会もこれくらい白熱した議論すべき（皮肉）,2360455976,Kimono_House
2022-12-14 01:29:41,中島信也さんがいい感じに収めたw #日本ネーミング大賞 #bakusho,101186658,hige_gun
2022-12-14 01:29:40,まんの方ね！w #bakusho,788328396568731648,sonofabixxx
2022-12-14 01:29:38,ちんこすこう何回言うんだよ #bakusho,1211325851255459840,JUNKANNradiko
2022-12-14 01:29:37,大賞は「ほぼかに」です。  #bakusho,248984326,geh00263
2022-12-14 01:29:37,ほぼカニwww #bakusho,434233977,yusu_519
2022-12-14 01:29:21,まん○すこうは本格的にだめです #bakusho,778635552073494528,brians_sc
2022-12-14 01:29:14,ほぼカニです。 #bakusho,541597640,S8119
2022-12-14 01:29:13,#bakusho 流石みうらじゅんさんの大学の友達の中島さん,90375904,UzuJisho
2022-12-14 01:29:12,ネーミング大賞ちんこすこう論議可笑しいなｗ #bakusho,6238212,ikumi
2022-12-14 01:28:58,ちんこすこー何回言うかな　#bakusho,1312074206,4n5chan
2022-12-14 01:28:48,真面目にちんこすこう推してる人おかしいww  #bakusho,110053803,tomomigaoka1117
2022-12-14 01:28:48,特別賞に丸投げ  #bakusho,1161766749408124928,deadpoor6
2022-12-14 01:28:48,会議自体がコントすぎるw #bakusho,294592125,sonokawa28
2022-12-14 01:28:38,太田さんがちんこと言いたいだけで選んだちんすこすこう😅😅😅  #bakusho,248984326,geh00263
2022-12-14 01:28:32,強火のちんこすこう激推しさんがいらっしゃった！ #bakusho,3699007158,7yellowgreen1
2022-12-14 01:28:29,ちんこすこうよりの使者！ #bakusho,89442494,amipunch
2022-12-14 01:28:23,すごい、正義感のひと正論☝️ #ちんこすこう #bakusho,101186658,hige_gun
2022-12-14 01:28:22,#bakusho ほぼカニもいいネーミングだけどね,90375904,UzuJisho
2022-12-14 01:28:20,世の中の会議は7割がこれ  #bakusho,1161766749408124928,deadpoor6
2022-12-14 01:28:19,もはやちんこすこう会議じゃん！ 太田さんのデマカセ面白いなあ。 #bakusho,3193366626,90_ohana
2022-12-14 01:28:19,かりゆしのかり🤣🤣 #bakusho,1077193939621273601,nuketa_tamashii
2022-12-14 01:28:18,#bakusho ネーミング大賞くだらなすぎて笑える,1503929848263512064,kitsunenohatoko
2022-12-14 01:27:47,昔トリビアで、くだらないネタを大学教授が真面目に話し合ってた時を思い出すな・・・ #bakusho,1192281873990336512,LEMONADE8221
2022-12-14 01:27:46,ちんこすこうを言いたい会議😁💦  #bakusho,541852484,neetspec800613
2022-12-14 01:27:41,#bakusho 正義感に溢れた人登場,90375904,UzuJisho
2022-12-14 01:27:28,メルカリのカリw  #bakusho,223014074,uxnxchi
2022-12-14 01:27:24,メルカリとかりゆしも卑わいｗ #bakusho,901338862609289216,Phimosis44
2022-12-14 01:27:09,ちんこすこうのパッケージめっちゃ可愛いですね♪ #bakusho,1077193939621273601,nuketa_tamashii
2022-12-14 01:27:01,#bakusho ずっと何言ってんだよ笑笑,1521550676022546434,mandarin_tsuki
2022-12-14 01:27:00,ほんとだ！そして形が… #bakusho #ちんこすこう https://t.co/kXmCkzUfpe,788328396568731648,sonofabixxx
2022-12-14 01:26:55,ラジオから「ちんこすこう」ばっかり聴こえてくる。。。  #bakusho,1120992203088654341,weepjp
2022-12-14 01:26:54,審査委員長に太田さんを据えてる意味が出まくってるな😄 #日本ネーミング大賞 #bakusho,101186658,hige_gun
2022-12-14 01:26:53,ええｗ #bakusho,56560900,mochidorobow
2022-12-14 01:26:45,.｡oO（この会議まんま公式YouTubeに流したらバズるんじゃね=З #思っちゃったんだからしょうがない #bakusho,383717484,tokuyoshikeiji
2022-12-14 01:26:41,「ちんすこう」は卑猥だが「ちんこすこう」は卑猥じゃない。 じゃカリゆしやメルカリはどうなんだ🤣🤣🤣😇  #bakusho,248984326,geh00263
2022-12-14 01:26:35,メルカリのカリww #bakusho,1501234810437525512,hikineetboy
2022-12-14 01:26:34,ちんことかかりとか、さすが深夜ラジオ #bakusho,141214029,fumiyan77
2022-12-14 01:26:30,今から  #bakusho,2262826242,philia0513
2022-12-14 01:26:29,ちんこすこう って、つぶやきたくなるね #bakusho,918450509610020864,addicttoradio
2022-12-14 01:26:27,メル　カリｗ #bakusho,56560900,mochidorobow
2022-12-14 01:26:18,メルカリのカリ要素 #bakusho,1969337972,saha_radi0
2022-12-14 01:26:13,「かりゆしのカリはどうなるんですか！？」ｗ #bakusho,2656897453,ENEXP_ht1211
2022-12-14 01:26:11,#bakusho バカのほうってウーチャカ酷い,90375904,UzuJisho
2022-12-14 01:26:06,馬鹿な方w #bakusho,1553781551732707328,ponzu_zamurai
2022-12-14 01:26:04,かりゆしのカリww #bakusho,1501234810437525512,hikineetboy
2022-12-14 01:25:41,バカのほうが来ちゃったよwww #bakusho,434233977,yusu_519
2022-12-14 01:25:03,「ちんこ」すこう vs.「かり」ゆし #bakusho,800382944942526464,WhatCardIShow
2022-12-14 01:24:58,ちんこすこう #bakusho,459401644,shian_ZERO
2022-12-14 01:24:46,魔羅セレブ #bakusho,1344844077930483712,PizzeriaRadio
2022-12-14 01:24:44,ちんこすこうは実際にある #bakusho,110053803,tomomigaoka1117
2022-12-14 01:24:36,ピョン吉Tシャツが原因で離婚危機の太田夫婦が面白すぎるwww #爆笑問題カーボーイ  #bakusho,136894609,Harimaximum
2022-12-14 01:24:31,ウィーンは踊るされど進まず  #bakusho,1161766749408124928,deadpoor6
2022-12-14 01:24:29,声に出して言いたい商品名 『ちんこすこう』 #bakusho,3699007158,7yellowgreen1
2022-12-14 01:24:25,職場の人が間違ってインプットしてて「ちんこすう」って言われた時気まずかった #bakusho,788328396568731648,sonofabixxx
2022-12-14 01:24:25,議論がまさかの白熱ｗ #bakusho,2656897453,ENEXP_ht1211
2022-12-14 01:24:22,ちんこすこう を日本のトレンドにしたい #bakusho,918450509610020864,addicttoradio
2022-12-14 01:24:15,人を笑顔にするちんこすこうww #bakusho,1431336997,Niagirl_45
2022-12-14 01:24:09,めちゃくちゃ説得力あるw #bakusho,1553781551732707328,ponzu_zamurai
2022-12-14 01:24:08,#bakusho ちんこすこうはTwitterも狂気,90375904,UzuJisho
2022-12-14 01:24:08,マラセレブはこびりつかなくて便利そう #bakusho,778635552073494528,brians_sc
2022-12-14 01:24:01,デタラメ大将  #bakusho,1161766749408124928,deadpoor6
2022-12-14 01:23:28,でもちんすこうと聞いた時に「ちんこすこう」かと思うった人多いだろうね😅😅😅  #bakusho,248984326,geh00263
2022-12-14 01:23:25,マラセレブw コラボしてるしこれは怒られるでしょ😷 #bakusho,1431336997,Niagirl_45
2022-12-14 01:23:22,#ちんこすこう #ラジオ南国の夜 #JUNK爆笑問題カーボーイ | #TBSラジオ https://t.co/PvcAfJWmi1 #radiko #爆笑問題 #bakusho,499758150,tsuka_kazunee
2022-12-14 01:23:20,商品名ですからね！ #bakusho,788328396568731648,sonofabixxx
2022-12-14 01:23:08,この放送でちんこすこう何回言ったんだｗ #bakusho,56560900,mochidorobow
2022-12-14 01:23:07,ち○ことおっぱいは日本中の人を幸せにしてくれる魔法の言葉 #bakusho,1501234810437525512,hikineetboy
2022-12-14 01:23:05,ちんこすこう激推し。 #bakusho,95278262,tripper0610
2022-12-14 01:22:59,#bakusho マラセレブ好き,90375904,UzuJisho
2022-12-14 01:22:57,#bakusho ボーダー超えてるネーミングだなぁ,2360455976,Kimono_House
2022-12-14 01:22:54,#爆笑問題カーボーイ ピョン吉Tシャツのせいで みっちゃん社長とおーた氏の別れ話まで発展！w #baKusHo #TBSRadIo,390474070,HedRovBiTch
2022-12-14 01:22:54,ちんこすこうwww #bakusho,758960717298925568,Team_atozumo
2022-12-14 01:22:52,ちんこすこう言いたいだけw #bakusho,778635552073494528,brians_sc
2022-12-14 01:22:48,ちんこすこう #bakusho,918450509610020864,addicttoradio
2022-12-14 01:22:45,なるほどｗ #bakusho,56560900,mochidorobow
2022-12-14 01:22:43,ネーミング大賞をなめるなよ? で ちんこすこうを推した太田さんw #bakusho,101186658,hige_gun
2022-12-14 01:22:38,「ちんこすこう」😅😅😅  #bakusho,248984326,geh00263
2022-12-14 01:22:32,チ◯コってめっちゃ言ってるなぁw #bakusho,788328396568731648,sonofabixxx
2022-12-14 01:22:21,来年あるかな  #bakusho,1161766749408124928,deadpoor6
2022-12-14 01:22:10,太田さんは、このタイプのピョン吉Tシャツを持っているのか？ #bakusho https://t.co/U4k3ikkK2U,854053047021879297,metal_tron
2022-12-14 01:21:56,社長が苦虫噛みつぶしてる😅😅😅  #bakusho,248984326,geh00263
2022-12-14 01:21:54,社長の「あたしとピョン吉どっち取るの」がおもしろくて目が覚めた #bakusho,2323324136,silicagelyme
2022-12-14 01:21:40,これか…  #bakusho  https://t.co/s5pMHqPFmO,1194813066224865280,quietstorm_sho
2022-12-14 01:21:25,何回、ち○こち○こ連呼するんだよww #bakusho,1501234810437525512,hikineetboy
2022-12-14 01:21:21,やっぱピエロ審査員はデンジャラス  #bakusho,1161766749408124928,deadpoor6
2022-12-14 01:21:02,ちんこすこうのお話し！ww  #ラジオ南国の夜  #bakusho,2991031126,ayurah_radio
2022-12-14 01:20:34,審査委員長の太田さんは2点持ってる #日本ネーミング大賞 #bakusho,101186658,hige_gun
2022-12-14 01:20:12,ちんこすこうの全カテゴリーに満点をｗｗｗｗ そりゃ大賞とるわｗｗｗ #bakusho,929757464857255936,dastinJT
2022-12-14 01:20:01,ネーミング大賞の応募は無料なのかしら？ #bakusho,1192281873990336512,LEMONADE8221
2022-12-14 01:19:54,４０着🐸　#bakusho,1312074206,4n5chan
2022-12-14 01:19:52,ちんこすこう？？！ちんすこう？？！ #bakusho,1283206838884855808,Anemoneiuy
2022-12-14 01:19:21,YouTubeで冒頭叫びまくってるけどな #bakusho,1466028161121292290,Hy6Bjf
2022-12-14 01:19:20,光代 「あんた、ピョン吉とあたし どっちとるの！？💢  ピョン吉取ったらあたし死ぬから！  あんた！ピョン吉と一生一緒にいなさい💢」  #bakusho,1375721254280253448,mituomusubi
2022-12-14 01:19:15,JUNK 爆笑問題カーボーイ | TBSラジオ  https://t.co/HnFer2rUoE #radiko #爆笑問題 #bakusho,827412025252810753,tamagawa_izm
2022-12-14 01:19:08,本当に社長との話は面白いなｗ #bakusho,962667141940916224,yumi_k4
2022-12-14 01:19:05,もうタイタンとピョン吉提携していいのでは。 #bakusho,1157149139349561344,ruban0180
2022-12-14 01:18:57,太田さん、やればできる子扱いされてなかったけ？😂 #ネーミング大賞 #bakusho,1192281873990336512,LEMONADE8221
2022-12-14 01:18:54,東北新社か久しぶりに聞いたな  #bakusho,1161766749408124928,deadpoor6
2022-12-14 01:18:51,ピョン吉はかわいいけど、確かに旦那が四六時中着てて洗濯物もピョン吉でタンスにもピョン吉がたくさんいたらうんざりかも #bakusho,2235617196,tarako_ja_nai
2022-12-14 01:18:44,助けてくれぇ！ は辞めたら？ ★光代社長の忠告w #bakusho,889420278853386240,shinshingo0112
2022-12-14 01:18:41,結局賞を掲げるのに金取ってんじゃん。 #bakusho,107498346,necomomi
2022-12-14 01:18:24,助けてくれー禁止！？ 個人的には結構好きなんだけどなw  #bakusho,1141124603940495360,tuesatsun
2022-12-14 01:18:14,ネーミング大賞は太田夫妻ツーショット見れるのも楽しみなってます♪ #bakusho,1431336997,Niagirl_45
2022-12-14 01:18:11,流行語大賞がもはや流行語の体を成してないので、ネーミング大賞はいい企画だと思う  #bakusho,272947892,masabek0
2022-12-14 01:18:10,漫才の初めに必ずやるやつ 光代「そろそろやめて、あの『助けてくれ』とかいうの」#bakusho,1233425941356957696,GPepperGPepper
2022-12-14 01:18:09,太田さんピョン吉40着 #bakusho,110053803,tomomigaoka1117
2022-12-14 01:18:02,『私とピョン吉どっち取るの！？』 #bakusho https://t.co/a8jw10isqW,1466028161121292290,Hy6Bjf
2022-12-14 01:18:02,ネーミング大賞の時の光代社長ひどかったw #bakusho,1553781551732707328,ponzu_zamurai
2022-12-14 01:17:48,私とぴょん吉🤣 #bakusho,1077193939621273601,nuketa_tamashii
2022-12-14 01:17:39,助けてくれぇーは続けて  #bakusho,1161766749408124928,deadpoor6
2022-12-14 01:17:25,確かにTシャツ40枚もらったら普通はうれしいはずなのにwww #bakusho,434233977,yusu_519
2022-12-14 01:17:23,ネーミング大賞とか胡散臭さしかない。 #bakusho,107498346,necomomi
2022-12-14 01:17:21,ウーチャカはギャラクシーエンジェルのTシャツを着て親子共演しよう。  #bakusho,929898549550002176,nagonago_frpg
2022-12-14 01:17:19,そもそも個人にＴシャツ40着送る発想がよくわからない #bakusho,3699007158,7yellowgreen1
2022-12-14 01:17:16,持ちすぎでしょw #bakusho,788328396568731648,sonofabixxx
2022-12-14 01:17:16,社長、面倒臭いねぇ #bakusho,1522276001266368520,rai_si_n
2022-12-14 01:17:14,光代社長「ぴょん吉と私どっちを取るわけ？！」  ぴーちゃん(眠いなぁ...)   #bakusho,1345169997727895552,micchanayo
2022-12-14 01:17:13,#bakusho　40着とか業者かよw プレゼントするのはどうでしょう？,2360455976,Kimono_House
2022-12-14 01:17:13,「助けてくれ」にもダメ出しｗ #bakusho,721334364663975936,icingluna
2022-12-14 01:17:09,タイタンスタッフに配ろう  #bakusho,1161766749408124928,deadpoor6
2022-12-14 01:17:07,ピョン吉と私どっち取るの？w #bakusho,95278262,tripper0610
2022-12-14 01:17:06,光代さんに詰め寄られている太田さん、目が泳いでいる。私には見える。 #bakusho,2235617196,tarako_ja_nai
2022-12-14 01:16:53,ピョン吉Tでこんなにもめるとは...😂  #bakusho,1141124603940495360,tuesatsun
2022-12-14 01:16:52,菅さん、このエピソードトークを聴きたくてピョン吉Tシャツ送ってるよな、絶対w #bakusho,101186658,hige_gun
2022-12-14 01:16:45,トータル何枚持ってるんだw  #bakusho,1161766749408124928,deadpoor6
2022-12-14 01:16:43,たーーーすけてくれ！！！！！  #bakusho,1432236043030319110,NC0cCAFEYFuEQXj
2022-12-14 01:16:35,光代社長:ピョン吉とアタシどっち取るの？  #bakusho,1225681337815683072,rentanokami
2022-12-14 01:16:33,もう菅さんわざとだろw #bakusho,1431336997,Niagirl_45
2022-12-14 01:16:26,社長をもっと大切にしてあげなよ太田さん…。 #bakusho,107498346,necomomi
2022-12-14 01:16:24,もはやピョン吉の呪いw #bakusho,1553781551732707328,ponzu_zamurai
2022-12-14 01:16:21,あー、そのピョン吉騒動、ふたりのディスタンス2で放送してくんないかなー？カメラ入ってないだろーけど。 #bakusho,2235617196,tarako_ja_nai
2022-12-14 01:16:19,ピョン吉と私どっちとるの？ 真剣なんだろうけど社長おもしろい😂 #bakusho,1431336997,Niagirl_45
2022-12-14 01:16:17,光代社長のサドンデスw #bakusho,257442589,cele_mura
2022-12-14 01:16:16,社長、メンヘラ彼女みたいになってるwww  #bakusho,2949830695,nanase46_525_
2022-12-14 01:16:16,ピョン吉Tシャツを怒られる 光代「ピョン吉と私、どっち取るの！？」#bakusho,1233425941356957696,GPepperGPepper
2022-12-14 01:16:08,光代社長､まだ亡くなるのは非常に困る💦 #bakusho,1466028161121292290,Hy6Bjf
2022-12-14 01:16:05,ピョン吉熟年離婚  #bakusho,1161766749408124928,deadpoor6
2022-12-14 01:15:57,私とピョン吉どっちを取るの🐸？！笑 #bakusho,1283206838884855808,Anemoneiuy
2022-12-14 01:15:51,あたしとピョン吉どっちとるの! 光代社長の話の展開も無理あるよ😂 #bakusho,101186658,hige_gun
2022-12-14 01:15:48,社長かピョン吉か www #bakusho,272947892,masabek0
2022-12-14 01:15:40,菅さんは太田夫妻を離婚させたいんかよｗ #bakusho,929757464857255936,dastinJT
2022-12-14 01:15:38,光代社長怖ぇ～～～ww #bakusho 激ギレじゃんww,144918494,steady_HERO8
2022-12-14 01:15:36,ピョン吉離婚www #bakusho,1553781551732707328,ponzu_zamurai
2022-12-14 01:15:36,私服も喪服もピョン吉。 #bakusho,3193366626,90_ohana
2022-12-14 01:15:34,ピョン吉とあたし どっち取るの！！！  #bakusho,541852484,neetspec800613
2022-12-14 01:15:29,一生ピョン吉を着てなさいww #bakusho,1501234810437525512,hikineetboy
2022-12-14 01:15:26,火曜日なのド忘れしてた😱 今からリアタイ！！ 今夜もよろしくお願いします🤗 #bakusho,1283206838884855808,Anemoneiuy
2022-12-14 01:15:25,ピョン吉と、私どっちを取るの？の、みっちゃん。 #bakusho,541597640,S8119
2022-12-14 01:15:20,ピョン吉離婚？ #bakusho,139108218,delusiondice
2022-12-14 01:15:15,その天秤ｗｗｗ #bakusho,56560900,mochidorobow
2022-12-14 01:15:14,離婚理由がピョン吉(笑) #bakusho,131120864,hanedora
2022-12-14 01:15:11,光代社長「ぴょん吉と私どっちとるわけ？」  #bakusho,929757464857255936,dastinJT
2022-12-14 01:15:08,#笑ってはいけない が封印された後のガースー  #bakusho #太田上田,727870597682712576,onkoh_ando
2022-12-14 01:15:07,ど根性でぃ  #bakusho,1161766749408124928,deadpoor6
2022-12-14 01:15:03,#bakusho ピョン吉Tがもとで太田夫婦喧嘩,2360455976,Kimono_House
2022-12-14 01:15:02,光代「ピョン吉と私どっちをとるわけ？」ｗ #bakusho,2656897453,ENEXP_ht1211
2022-12-14 01:14:54,#bakusho,1057624579298930688,ito_selene
2022-12-14 01:14:49,菅さんダメww #bakusho,758960717298925568,Team_atozumo
2022-12-14 01:14:49,菅さんに飛び火😂 #bakusho,1969337972,saha_radi0
2022-12-14 01:14:42,何が終わるんだよwwwww #bakusho,434233977,yusu_519
2022-12-14 01:14:36,光代社長「あたしが突然死んだ時に、あなたぴょん吉でマスコミの前に出るつもり？」 😂😂😂 #bakusho,929757464857255936,dastinJT
2022-12-14 01:14:29,光代「ピョン吉で出たらもう終わりだからね！」ｗ #bakusho,2656897453,ENEXP_ht1211
2022-12-14 01:14:23,#bakusho 太田上田の菅さんから段ボールに入ったTシャツ…  中身は…,1503929848263512064,kitsunenohatoko
2022-12-14 01:14:09,いつ死ぬか判らない、みっちゃん。 #bakusho,541597640,S8119
2022-12-14 01:13:58,あたし！スガさんと話すから～💦💦💦  #bakusho,541852484,neetspec800613
2022-12-14 01:13:45,家政婦はリークしたか  #bakusho,1161766749408124928,deadpoor6
2022-12-14 01:13:34,#bakusho,106570889,matamune_yoh
2022-12-14 01:13:27,怒りん坊太田光代  #bakusho,929898549550002176,nagonago_frpg
2022-12-14 01:13:16,太田「入ってまーす」ｗ #bakusho,2656897453,ENEXP_ht1211
2022-12-14 01:13:00,ｗｗ #bakusho,56560900,mochidorobow
2022-12-14 01:12:59,菅さんからTシャツって言ったら ピョン吉に決まってるじゃん😅 #bakusho,101186658,hige_gun
2022-12-14 01:12:58,「菅さんからもらったんだけど、なんかTシャツみたいだよ？」  😂😂😂 #bakusho,929757464857255936,dastinJT
2022-12-14 01:12:58,50過ぎても、我がが着る服くらい決められない生活。って何なんだろうね。 #bakusho,94513415,PONSKE_ZZ
2022-12-14 01:12:44,ピョン吉Tシャツ、という名の地雷… #bakusho,988292528284745728,nanagen4
2022-12-14 01:12:40,光代さんに「ガースーがピョン吉を40枚持ってきたんだけど」とすら言えない太田さん。 #bakusho,2235617196,tarako_ja_nai
2022-12-14 01:12:40,トイレに逃げる太田さんｗ #bakusho,2656897453,ENEXP_ht1211
2022-12-14 01:12:36,何か怪しいw  #bakusho,1161766749408124928,deadpoor6
2022-12-14 01:12:10,自分の奥さんを「社長」と呼ぶ太田さん。もう公私ともに尻に敷かれまくりだなー😂😂😂  #bakusho,248984326,geh00263
2022-12-14 01:11:43,太田さんって何歳からピョン吉着始めてんだろ #bakusho,1466028161121292290,Hy6Bjf
2022-12-14 01:11:28,光代「もういい歳なんだからピョン吉Tシャツやめなさい」 菅プロデューサー「はい40着」#bakusho,1233425941356957696,GPepperGPepper
2022-12-14 01:11:21,始まった(((o(*ﾟ∀ﾟ*)o))) #bakusho,746416684773171200,hlyQEvJ47Y04kbi
2022-12-14 01:11:04,完全にわざわざw  #bakusho,1161766749408124928,deadpoor6
2022-12-14 01:10:49,#bakusho 太田さんの「だったら〇〇しろよ」っていう、ダメ出し風のツッコミ好きかも,1503929848263512064,kitsunenohatoko
2022-12-14 01:10:47,ガースーと社長は観てみたいわw  #bakusho,1161766749408124928,deadpoor6
2022-12-14 01:10:45,もういい歳なんだからぴょん吉Tしゃつ着るのやめなさい、と言われ太田さん「いや、いい歳になってから着てるんですけど」😂😂😂  #bakusho,248984326,geh00263
2022-12-14 01:10:22,ガースーからまたピョン吉T  #bakusho,1161766749408124928,deadpoor6
2022-12-14 01:10:12,前からピョン吉貰ってたもんなwww  #bakusho,2949830695,nanase46_525_
2022-12-14 01:09:51,未解決のまま  #bakusho,1161766749408124928,deadpoor6
2022-12-14 01:09:49,ピョン吉Tシャツ👕40枚((( ；ﾟДﾟ)))💦💦💦  #bakusho,541852484,neetspec800613
2022-12-14 01:09:39,ガースーからピョン吉Tシャツ40着、追加供給w #bakusho,101186658,hige_gun
2022-12-14 01:09:24,ガースーからぴょん吉Tシャツ 40着プレゼントｗ #bakusho,6238212,ikumi
2022-12-14 01:09:18,昨日太田上田の収録だったー！ 時期的に名言かるたやったかなー？  #bakusho,929757464857255936,dastinJT
2022-12-14 01:09:16,昨日は、太田上田の収録！ #bakusho,541597640,S8119
2022-12-14 01:09:16,爆ちゅーの話かね  #bakusho,1161766749408124928,deadpoor6
2022-12-14 01:08:59,あくまで分煙のため #bakusho,965974369343164421,moushachou
2022-12-14 01:08:51,こういうフリートークのところは秋葉さんも出る幕なし？全く２人にお任せなのかな。  #bakusho,248984326,geh00263
2022-12-14 01:08:43,謎の音は謎のまま #bakusho,139108218,delusiondice
2022-12-14 01:08:23,社長命令ウーチャカ前喫煙は禁止 #bakusho,1161766749408124928,deadpoor6
2022-12-14 01:08:16,ヴィーガンカレー #bakusho,117000927,ktrnkjm
2022-12-14 01:08:07,田中さんが倒れてから分煙を守り通してる太田さん好きだよ  #bakusho,929757464857255936,dastinJT
2022-12-14 01:08:02,そうそうエイトさんご家族でいらしてた。お子さん可愛らしかったな。  #bakusho,1244317952280686593,M543212345
2022-12-14 01:07:50,また飯の話し🤣 #bakusho,1228013259640340480,alleyjapow
2022-12-14 01:07:42,帝国はカレーかな  #bakusho,1161766749408124928,deadpoor6
2022-12-14 01:07:21,#bakusho,1515316191019302915,DeVnoHp5DBR220W
2022-12-14 01:07:20,飯テロだ… #bakusho,788328396568731648,sonofabixxx
2022-12-14 01:07:18,ビーガンを強調  #bakusho,1161766749408124928,deadpoor6
2022-12-14 01:06:59,しかし飯ネタの漫才はしない  #bakusho,1161766749408124928,deadpoor6
2022-12-14 01:06:47,#bakusho,1157149139349561344,ruban0180
2022-12-14 01:06:38,ヴィーガンメニュー、いろいろいうやつがいるけど、健康的だと思うよー。  #bakusho,248984326,geh00263
2022-12-14 01:06:37,田中は「腹減った」じゃなくて「お腹空いた」って言えよぉ、こたつを「おこた」って言うんだからさぁ。 #bakusho,3193366626,90_ohana
2022-12-14 01:06:33,バジルと、トマト🍅パスタを 頼めば良いと、云うウーチャカ。#bakusho,541597640,S8119
2022-12-14 01:06:31,ユーこの前のあれ食べちゃいなよ  #bakusho,1161766749408124928,deadpoor6
2022-12-14 01:06:20,またイチャイチャし始めたな。#bakusho,1233425941356957696,GPepperGPepper
2022-12-14 01:06:16,帝国ホテルのルームサービスの話は鉄板 #bakusho,3699007158,7yellowgreen1
2022-12-14 01:06:10,遠回しに指示を出す田中さん。 #bakusho,800382944942526464,WhatCardIShow
2022-12-14 01:05:50,#bakusho  そういえばCD田中コーナーでは、水木一郎アニキにかなりお世話になってたよね。,854053047021879297,metal_tron
2022-12-14 01:05:42,もし、許されるなら…お腹が空いたウーチャカ😁💦  #bakusho,541852484,neetspec800613
2022-12-14 01:05:41,結局宮下草薙バター見つからなかったんよね #bakusho,1431336997,Niagirl_45
2022-12-14 01:05:21,いつも帝国ホテルのパスタの話になるから食べたくなっちゃう #bakusho,788328396568731648,sonofabixxx
2022-12-14 01:05:14,本番前、本番中と様子おかしいウーチャカ。 #bakusho,1407197335,sh_gaki
2022-12-14 01:05:00,ウーチャカは恒例の絶望期間中  #bakusho,1161766749408124928,deadpoor6
2022-12-14 01:04:43,太田さんが鈴木エイトさんの事をよく言ってるけど私はドルジ&amp;ナッカータの瑛人と勘違いしてました。サンジャポ観てないもんだから…… #bakusho,2235617196,tarako_ja_nai
2022-12-14 01:04:26,赤い花は炎上の印www  #bakusho,1225681337815683072,rentanokami
2022-12-14 01:04:22,#bakusho,2950962036,sakuranogi_m
2022-12-14 01:04:16,やっぱエイトさんは有田芳生とは違うな！ #bakusho,55132835,HiR0_K
2022-12-14 01:04:09,エイトさん面白いねぇw #bakusho,788328396568731648,sonofabixxx
2022-12-14 01:04:09,エイトさんの花は炎上を表していた #bakusho,1073357628301033477,shiwori_desu
2022-12-14 01:04:02,恒例・帝国ホテルの話w #bakusho,101186658,hige_gun
2022-12-14 01:04:00,俺の後ろに鈴木エイトが居る。 #bakusho,95278262,tripper0610
2022-12-14 01:03:59,客席がザワつく！ ★鈴木エイトさん来場 #bakusho,889420278853386240,shinshingo0112
2022-12-14 01:03:58,今日カーボーイの帝国ホテル回だ！！！やった！！＼(^o^)／  #bakusho,929757464857255936,dastinJT
2022-12-14 01:03:56,初めてタイタンシネマライブを観に行きました！ 映画館で声出して笑えてめっちゃ楽しかったです☺️ #bakusho,1165253671,akr_1019
2022-12-14 01:03:53,JUNK 爆笑問題カーボーイ | TBSラジオ  https://t.co/IkZkw67zti #radiko #爆笑問題 #bakusho,198150148,monmon923
2022-12-14 01:03:45,今夜は田中さんとぱんちゃん璃奈改め色々大変なぱんちゃん光さんで2時間仲良くお喋りします。 #bakusho,1466028161121292290,Hy6Bjf
2022-12-14 01:03:40,とうとう鈴木エイトさんもタイタンライブを観覧www #bakusho,434233977,yusu_519
2022-12-14 01:03:39,#bakusho,1521550676022546434,mandarin_tsuki
2022-12-14 01:03:31,そど？ｗ #bakusho,1969337972,saha_radi0
2022-12-14 01:03:29,タイタンライブに鈴木エイトさん行ってるの笑っちゃうんですけどw #bakusho,1431336997,Niagirl_45
2022-12-14 01:03:24,エイトさんご家族でいらっしゃってたのね！ #bakusho,788328396568731648,sonofabixxx
2022-12-14 01:03:20,そろそろメール1グランプリの時期か。今年は何人辞退いるか楽しみ #bakusho,758960717298925568,Team_atozumo
2022-12-14 01:03:15,田中とぱんちゃん光のコンビ、爆笑問題 #bakusho,85341062,mojamojami
2022-12-14 01:03:14,タイタンシネマライブ面白かったです！#bakusho,1333786644781010950,oden15791819
2022-12-14 01:03:08,#bakusho,1112688072179634177,RN_trickster
2022-12-14 01:02:56,#bakusho,110053803,tomomigaoka1117
2022-12-14 01:02:52,ハジマッタヨ　 耳は #bakusho 目はインスタライブ,3699007158,7yellowgreen1
2022-12-14 01:02:52,太田 「ぱんちゃん光です」  #bakusho,1375721254280253448,mituomusubi
2022-12-14 01:02:51,きゅうの邪魔しないようにw  #bakusho,1161766749408124928,deadpoor6
2022-12-14 01:02:50,ぴろ様。 #bakusho,1407197335,sh_gaki
2022-12-14 01:02:48,JUNK 爆笑問題カーボーイ | #TBSラジオ  https://t.co/lRUe4I0YG5 #radiko #爆笑問題 #bakusho #ぴーちゃん #ウーチャカ,1144236943569326081,enocomic666
2022-12-14 01:02:41,ぱんちゃん光です😁💦  #bakusho,541852484,neetspec800613
2022-12-14 01:02:36,爆笑問題カーボーイ！ #bakusho,149047293,P140P150
2022-12-14 01:02:36,「もう一回振り返ってみようかな」 #bakusho,139108218,delusiondice
2022-12-14 01:02:34,JUNK 爆笑問題カーボーイ | #TBSラジオ  https://t.co/ggQd4r3asZ #radiko #爆笑問題 #bakusho #ぴーちゃん #ウーチャカ,149410387,yukihiroenomoto
2022-12-14 01:02:33,ぴろさんの邪魔をしないように #bakusho,2502874238,amatubuman
2022-12-14 01:02:30,謎のぴろさんアゲ #bakusho,788328396568731648,sonofabixxx
2022-12-14 01:02:28,花はあったけど鈴木エイトさん本人来てたんだ笑 #bakusho,1969337972,saha_radi0
2022-12-14 01:02:28,鈴木エイトさん、花を贈って客席がざわめく🤣🤣🤣  #bakusho,248984326,geh00263
2022-12-14 01:02:26,爆笑問題カーボーイ #np #bakusho,237767972,_k_s_m_n_
2022-12-14 01:02:23,JUNK 爆笑問題カーボーイ | TBSラジオ  https://t.co/KNkyd91jz9 #radiko #爆笑問題 #bakusho,1036627742,zeroset999
2022-12-14 01:02:22,「ぱんちゃん光です」www #bakusho,1378505757709115395,tekito_2107
2022-12-14 01:02:21,#bakusho,541597640,S8119
2022-12-14 01:02:21,タイタンライブに鈴木エイトさんが観に来て客席ザワつくｗ #bakusho,2656897453,ENEXP_ht1211
2022-12-14 01:02:21,鈴木エイトファミリーがタイタンライブに!? #bakusho,121009015,tomochan_5jp
2022-12-14 01:02:20,キュウとウエストランドがM-1決勝出場で    #bakusho,901417354730496000,nauman_0954
2022-12-14 01:02:17,#bakusho,229096957,hirodahoshituno
2022-12-14 01:02:16,#bakusho,1407197335,sh_gaki
2022-12-14 01:02:12,囁きゴシップ  #bakusho,1161766749408124928,deadpoor6
2022-12-14 01:02:12,くれぐれもぴろさんの邪魔をしないようにw #キュウ #ウエストランド #bakusho,101186658,hige_gun
2022-12-14 01:02:11,#bakusho,1559119590562484225,shimetteruyo
2022-12-14 01:02:11,太田さんほんとパンチャンすきだなーw  #bakusho,839409662285918208,mac_raw_cross_k
2022-12-14 01:02:10,#bakusho,886822877118447616,dannyrose_kamo
2022-12-14 01:02:08,#bakusho,83390874,5_6_6
2022-12-14 01:02:04,#bakusho　ばんちゃんNURO,571097018,hee_8
2022-12-14 01:02:03,ぱんちゃん光です  #bakusho,1472718510317273094,j3ra0p
2022-12-14 01:02:01,ぱんちゃん光さん こんばんは #bakusho,125328916,apatite46
2022-12-14 01:01:56,今夜の田中の相方は、ぱんちゃん光です。サイン書いちゃった。 #bakusho,3193366626,90_ohana
2022-12-14 01:01:54,「ウエストランドは(M-1で）くれぐれもぴろの邪魔はしないように」ｗ #bakusho,6238212,ikumi
2022-12-14 01:01:49,ウエストランドをド忘れする太田さんw   #bakusho,483800909,lilysan77
2022-12-14 01:01:49,カーボーイのために身も心も捧げることにした。身とはつまり…ワシの肉体じゃ！人身御供じゃ！あーぁ、くっだらない。抜け連のみなさん、おばんです。#bakusho,2235617196,tarako_ja_nai
2022-12-14 01:01:45,#bakusho,1244317952280686593,M543212345
2022-12-14 01:01:43,#bakusho,902299340294594560,EAr2mt
2022-12-14 01:01:40,ぱんちゃん好きだなぁw #bakusho,788328396568731648,sonofabixxx
2022-12-14 01:01:39,#bakusho,929374224212361217,TAKASHING10
2022-12-14 01:01:39,ウエストランド、何とか決勝に残ったねー。  #bakusho,248984326,geh00263
2022-12-14 01:01:38,#bakusho #tbsradio,835515415153401856,tonmori_0208
2022-12-14 01:01:28,#bakusho,1118784288537726978,no8rihisa24
2022-12-14 01:01:25,#bakusho,2502874238,amatubuman
2022-12-14 01:01:18,#bakusho,1191197569080119296,GcXHjLPP4aZVxrR
2022-12-14 01:01:17,#bakusho,1431335541828509700,rich_tabasco
2022-12-14 01:01:14,JUNK 爆笑問題カーボーイ | TBSラジオ  https://t.co/TsGMWh58d1 #radiko #爆笑問題 #bakusho,1115989095929401346,9510Hz
2022-12-14 01:01:13,#bakusho,839409662285918208,mac_raw_cross_k
2022-12-14 01:01:12,#bakusho,414138125,mumu6677
2022-12-14 01:01:12,ぱんちゃんww 太田さん気に入ってるなー #bakusho,1431336997,Niagirl_45
2022-12-14 01:01:10,#bakusho,758960717298925568,Team_atozumo
2022-12-14 01:01:08,ぱんちゃん光  #bakusho,1161302374503178241,gate_coffeecap
2022-12-14 01:01:08,ぱんちゃん光さん(?)こんばんは！ #bakusho,121009015,tomochan_5jp
2022-12-14 01:01:07,ぱんちゃん光だったのか #bakusho,139108218,delusiondice
2022-12-14 01:01:02,#bakusho,1333786644781010950,oden15791819
2022-12-14 01:01:00,#bakusho,112179027,Fe000
2022-12-14 01:01:00,#bakusho,1536375254058418176,moneytackyao
2022-12-14 01:01:00,ぱんちゃん光です！！  #bakusho,901417354730496000,nauman_0954
2022-12-14 01:01:00,#bakusho,1262344444071702528,_backandforth_
2022-12-14 01:00:59,寝る準備が終わったので寝ながら聴きます。  JUNK 爆笑問題カーボーイ │ TBSラジオ https://t.co/7uIHT6NbIu #radiko #爆笑問題 #bakusho,59521254,tomy_tmr
2022-12-14 01:00:56,ぱんちゃん光 #bakusho,56560900,mochidorobow
2022-12-14 01:00:52,#bakusho,1529439281697419264,pCBRab7h0K1VEey
2022-12-14 01:00:52,#bakusho,1276487028226441222,putitsuma0329
2022-12-14 01:00:50,#bakusho,2438281268,vfk_guitarium_k
2022-12-14 01:00:48,JUNK 爆笑問題カーボーイ | TBSラジオ  https://t.co/vkqudijzAy #radiko #爆笑問題 #bakusho,1225681337815683072,rentanokami
2022-12-14 01:00:47,#bakusho,1466028161121292290,Hy6Bjf
2022-12-14 01:00:44,ぱんちゃん光です #bakusho,101186658,hige_gun
2022-12-14 01:00:44,きょうもリアタイ聴取。楽しみでーす。  #bakusho,248984326,geh00263
2022-12-14 01:00:42,ぱんちゃんw #bakusho,73902665,sochasocha
2022-12-14 01:00:41,#bakusho,2991031126,ayurah_radio
2022-12-14 01:00:41,今夜もよろしくおねがいします！ #bakusho,1431336997,Niagirl_45
2022-12-14 01:00:40,ぱんちゃん光さんだ！#bakusho,2656897453,ENEXP_ht1211
2022-12-14 01:00:40,#bakusho,1140670404316422146,nanaminopass
2022-12-14 01:00:40,#bakusho,1076145401764315138,SJPeIawIcNqoqXy
2022-12-14 01:00:38,ぱんちゃん光ですｗ #bakusho,6238212,ikumi
2022-12-14 01:00:37,#bakusho,1477524595502886912,gorigaoooh
2022-12-14 01:00:37,#bakusho,1259485392601878529,itsuzai6556
2022-12-14 01:00:34,#bakusho,2574733362,Ramaguchihoteru
2022-12-14 01:00:33,#bakusho,99316619,nanochi77
2022-12-14 01:00:31,#bakusho,1068738905086713857,miyakko_radio
2022-12-14 01:00:30,#bakusho,1264883381818425344,ijiraregakari46
2022-12-14 01:00:30,#bakusho,1502494848167079938,4pgem
2022-12-14 01:00:29,#bakusho,755949903776321536,Yuzudisney1242
2022-12-14 01:00:28,#bakusho,632874941,matsukurugby
2022-12-14 01:00:27,今日もリアタイ🙋 #bakusho,1195340367916228608,98pkiwfC6oUWf4l
2022-12-14 01:00:26,JUNK 爆笑問題カーボーイ │ TBSラジオ  https://t.co/GZBfqfVmRT #radiko #爆笑問題 #bakusho,929651707901906944,shampoo_tei_hat
2022-12-14 01:00:26,#bakusho,459401644,shian_ZERO
2022-12-14 01:00:26,#bakusho,1525788235812974592,Qm9Oi5ZdydlsavZ
2022-12-14 01:00:26,#bakusho,255889437,ucoringo0528
2022-12-14 01:00:24,#bakusho,1320347941874225153,Lightdentity
2022-12-14 01:00:24,#bakusho,483800909,lilysan77
2022-12-14 01:00:24,#bakusho,1065236646596009985,U1_Radio
2022-12-14 01:00:22,#bakusho,2949830695,nanase46_525_
2022-12-14 01:00:21,#bakusho,1161766749408124928,deadpoor6
2022-12-14 01:00:21,#bakusho,981699122926305280,RtyStks
2022-12-14 01:00:21,#bakusho,1051750981266890752,Peugeot406_
2022-12-14 01:00:21,#bakusho,166156930,copenist_urury
2022-12-14 01:00:20,#bakusho,1432236043030319110,NC0cCAFEYFuEQXj
2022-12-14 01:00:20,#bakusho,2656897453,ENEXP_ht1211
2022-12-14 01:00:20,#bakusho,125328916,apatite46
2022-12-14 01:00:19,#bakusho,73902665,sochasocha
2022-12-14 01:00:19,どなたがメールワンにエントリーされるのも楽しみだけど同じくらい辞退メールが楽しみ。 #bakusho,2235617196,tarako_ja_nai
2022-12-14 01:00:17,JUNK 爆笑問題カーボーイ | TBSラジオ  https://t.co/aIen6xOwD2 #radiko #爆笑問題 #bakusho,2416810278,chirorian_p
2022-12-14 01:00:17,#bakusho,6238212,ikumi
2022-12-14 01:00:16,#bakusho,999805287744745472,keihin_asuka46
2022-12-14 01:00:13,#bakusho,2393775752,CmpunkHrk
2022-12-14 01:00:13,#bakusho,267538673,iik0
2022-12-14 01:00:12,#bakusho,721334364663975936,icingluna
2022-12-14 01:00:11,#bakusho,1146318507170119680,YAMA_J_yama_N46
2022-12-14 01:00:11,#bakusho,1252700670274072577,zhwox
2022-12-14 01:00:10,#bakusho,1501294199357935619,torochi_hima
2022-12-14 01:00:09,寝落ちの可能性あり。行けるとこまで。 #bakusho,1378505757709115395,tekito_2107
2022-12-14 01:00:09,#bakusho,1343701072645300225,hero2_Bs
2022-12-14 01:00:08,#bakusho,727870597682712576,onkoh_ando
2022-12-14 01:00:08,#bakusho,929757464857255936,dastinJT
2022-12-14 01:00:06,#bakusho,1269972559610568704,kt_bakelite
2022-12-14 01:00:06,#bakusho,1161302374503178241,gate_coffeecap
2022-12-14 01:00:05,#bakusho,761907929876357120,kigurumi_no
2022-12-14 01:00:04,#bakusho,1312254678080479232,Skream_Monta
2022-12-14 01:00:04,#bakusho,1173223153008427008,bananaman_1017
2022-12-14 01:00:04,#bakusho,1399515921052356608,fugashi52
2022-12-14 01:00:03,#bakusho,788328396568731648,sonofabixxx
2022-12-14 01:00:03,#bakusho,901338862609289216,Phimosis44
2022-12-14 01:00:02,#bakusho,863003082954645504,miiyan1182
2022-12-14 01:00:02,#bakusho,965974369343164421,moushachou
2022-12-14 01:00:02,#bakusho,1501234810437525512,hikineetboy
2022-12-14 01:00:02,#bakusho,918450509610020864,addicttoradio
2022-12-14 01:00:01,#bakusho,910078004839116800,yellgun0606
2022-12-14 01:00:01,#bakusho,901417354730496000,nauman_0954
2022-12-14 01:00:01,#bakusho,434233977,yusu_519
2022-12-14 01:00:01,#bakusho,1429103658793201671,shun_0441
2022-12-14 01:00:01,#bakusho 番組冒頭予想 太田「山田邦子の友達のですね、山田隆夫です」M-1審査員決定,2360455976,Kimono_House
2022-12-14 01:00:01,#bakusho,1251867662474334208,vbs_babycar
2022-12-14 01:00:00,#bakusho,90164165,kngy000
2022-12-14 01:00:00,#bakusho,1969337972,saha_radi0
2022-12-14 01:00:00,#bakusho,1213162583613562880,6041__
